Airline,Flight_Number,Departure_City,Arrival_City,Departure_Date,Arrival_Date,Departure_Time,Arrival_Time,Price,Duration_Hours,Baggage_Allowance,Seat_Class,WiFi_Available,Entertainment_Options,Loyalty_Points_Earned,Boarding_Group,Eco_Friendly_Flight,Crew_Language_Support,Seat_Availability,Ticket_Flexibility,Discounts_Available,Customer_Rating
British Airways,BR1173,Dubai (DXB),Dallas (DFW),2025-03-28,2025-03-28,06:12:13,11:12:13,526.45,5.0,2 Checked Bags,Business,Yes,No,878,B,No,English,253,Non-Refundable,Yes,4.0
United Airlines,UN4836,San Francisco (SFO),Chicago (ORD),2025-04-22,2025-04-22,06:12:13,07:12:13,229.2,1.0,2 Checked Bags,First Class,No,No,3565,B,No,German,246,Flexible Date,No,2.4
British Airways,BR1013,Miami (MIA),Tokyo (HND),2025-03-28,2025-03-28,06:12:13,07:12:13,693.0,1.0,1 Checked Bag,Business,Yes,No,4096,B,Yes,German,168,Non-Refundable,Yes,4.9
Qatar Airways,QA3142,Tokyo (HND),Los Angeles (LAX),2025-05-13,2025-05-13,06:12:13,17:12:13,387.26,11.0,2 Checked Bags,Premium Economy,Yes,Yes,4543,A,Yes,Mandarin,123,Non-Refundable,Yes,4.9
Air Canada,AI8686,Chicago (ORD),Dallas (DFW),2025-04-06,2025-04-06,06:12:13,18:12:13,1515.21,12.0,Oversized Baggage,Business,Yes,Yes,4769,B,Yes,Spanish,69,Changeable,No,2.0
Air Canada,AI5988,Toronto (YYZ),Los Angeles (LAX),2025-05-17,2025-05-17,06:12:13,14:12:13,247.38,8.0,Oversized Baggage,First Class,Yes,Yes,750,B,Yes,German,225,Refundable,Yes,1.3
Lufthansa,LU9386,Los Angeles (LAX),Toronto (YYZ),2025-05-04,2025-05-04,06:12:13,18:12:13,280.14,12.0,2 Checked Bags,First Class,No,Yes,958,C,Yes,German,268,Refundable,No,4.5
United Airlines,UN4747,Dubai (DXB),Miami (MIA),2025-05-13,2025-05-13,06:12:13,14:12:13,1728.5,8.0,2 Checked Bags,Economy,Yes,No,4663,Priority,No,French,243,Non-Refundable,No,1.6
Lufthansa,LU650,Dallas (DFW),Los Angeles (LAX),2025-03-29,2025-03-29,06:12:13,07:12:13,1828.78,1.0,Oversized Baggage,Business,Yes,No,3300,Priority,Yes,Mandarin,145,Flexible Date,No,3.6
Emirates,EM1161,Dallas (DFW),Paris (CDG),2025-05-13,2025-05-13,06:12:13,12:12:13,1250.61,6.0,2 Checked Bags,First Class,No,Yes,4762,D,Yes,English,78,Changeable,No,1.8
Lufthansa,LU2846,Chicago (ORD),Los Angeles (LAX),2025-05-16,2025-05-16,06:12:13,11:12:13,1230.03,5.0,1 Checked Bag,Business,No,No,1836,A,Yes,Mandarin,131,Non-Refundable,No,1.9
Air Canada,AI4375,Toronto (YYZ),San Francisco (SFO),2025-04-04,2025-04-04,06:12:13,14:12:13,1166.64,8.0,1 Checked Bag,Business,No,Yes,2176,A,No,French,175,Refundable,Yes,1.8
Singapore Airlines,SI8878,Chicago (ORD),Berlin (BER),2025-03-30,2025-03-30,06:12:13,08:12:13,658.99,2.0,2 Checked Bags,First Class,No,No,4814,D,No,German,258,Refundable,No,2.9
United Airlines,UN751,Chicago (ORD),Toronto (YYZ),2025-03-29,2025-03-29,06:12:13,08:12:13,1108.64,2.0,Oversized Baggage,First Class,Yes,Yes,1057,C,No,Mandarin,95,Non-Refundable,No,1.4
British Airways,BR3545,Chicago (ORD),Los Angeles (LAX),2025-04-19,2025-04-19,06:12:13,10:12:13,515.94,4.0,2 Checked Bags,First Class,No,No,209,B,No,English,297,Flexible Date,Yes,4.5
American Airlines,AM7994,New York (JFK),Dubai (DXB),2025-05-05,2025-05-05,06:12:13,14:12:13,655.14,8.0,1 Checked Bag,First Class,Yes,No,3948,D,Yes,Multilingual,210,Refundable,Yes,3.8
Delta Air Lines,DE8378,Dubai (DXB),London (LHR),2025-04-15,2025-04-15,06:12:13,13:12:13,1715.06,7.0,1 Checked Bag,Premium Economy,Yes,Yes,4150,Priority,Yes,German,64,Changeable,Yes,2.8
American Airlines,AM6257,London (LHR),Tokyo (HND),2025-04-28,2025-04-28,06:12:13,13:12:13,1039.49,7.0,2 Checked Bags,Economy,No,Yes,2583,A,No,English,62,Non-Refundable,No,4.9
United Airlines,UN4256,Los Angeles (LAX),Dallas (DFW),2025-05-20,2025-05-20,06:12:13,16:12:13,731.11,10.0,Oversized Baggage,First Class,No,Yes,1182,B,Yes,Multilingual,127,Non-Refundable,Yes,4.8
American Airlines,AM3430,Paris (CDG),Toronto (YYZ),2025-05-13,2025-05-13,06:12:13,12:12:13,387.16,6.0,2 Checked Bags,Business,Yes,No,413,Priority,Yes,Spanish,85,Refundable,No,2.6
Emirates,EM6670,San Francisco (SFO),Paris (CDG),2025-04-22,2025-04-22,06:12:13,14:12:13,860.52,8.0,Carry-On Only,Economy,No,No,2218,B,No,Multilingual,119,Flexible Date,Yes,1.5
Southwest Airlines,SO2526,Dallas (DFW),London (LHR),2025-04-06,2025-04-06,06:12:13,14:12:13,1492.4,8.0,2 Checked Bags,First Class,No,Yes,4181,Priority,Yes,Mandarin,176,Non-Refundable,No,2.7
Emirates,EM6660,London (LHR),Dubai (DXB),2025-04-25,2025-04-25,06:12:13,12:12:13,1398.74,6.0,2 Checked Bags,Economy,No,No,3911,B,No,Spanish,298,Changeable,Yes,4.2
Delta Air Lines,DE5735,Berlin (BER),Dubai (DXB),2025-05-14,2025-05-14,06:12:13,18:12:13,1157.4,12.0,2 Checked Bags,Premium Economy,Yes,No,1363,D,Yes,Mandarin,111,Refundable,Yes,1.0
Southwest Airlines,SO1747,San Francisco (SFO),Chicago (ORD),2025-03-28,2025-03-28,06:12:13,17:12:13,962.82,11.0,1 Checked Bag,Business,Yes,No,4986,C,Yes,French,230,Changeable,Yes,3.7
United Airlines,UN4273,Dallas (DFW),San Francisco (SFO),2025-04-09,2025-04-09,06:12:13,17:12:13,657.62,11.0,Carry-On Only,Premium Economy,No,Yes,1132,B,No,German,121,Flexible Date,Yes,4.9
Qatar Airways,QA1796,Paris (CDG),Chicago (ORD),2025-04-18,2025-04-18,06:12:13,18:12:13,1042.97,12.0,1 Checked Bag,First Class,No,Yes,4688,A,Yes,Mandarin,283,Non-Refundable,No,1.6
United Airlines,UN1716,Los Angeles (LAX),Tokyo (HND),2025-04-20,2025-04-20,06:12:13,14:12:13,784.82,8.0,Carry-On Only,First Class,Yes,Yes,1101,C,No,French,78,Non-Refundable,Yes,3.5
United Airlines,UN5001,Dubai (DXB),Berlin (BER),2025-04-18,2025-04-18,06:12:13,14:12:13,785.76,8.0,2 Checked Bags,Premium Economy,No,Yes,1367,B,Yes,English,200,Changeable,No,4.6
Qatar Airways,QA3203,Toronto (YYZ),Dallas (DFW),2025-03-29,2025-03-29,06:12:13,11:12:13,1736.13,5.0,1 Checked Bag,First Class,No,Yes,959,D,Yes,Mandarin,164,Refundable,Yes,2.5
Lufthansa,LU2137,San Francisco (SFO),Berlin (BER),2025-04-19,2025-04-19,06:12:13,12:12:13,191.36,6.0,Oversized Baggage,First Class,No,Yes,3542,Priority,No,Multilingual,51,Flexible Date,Yes,3.1
Lufthansa,LU6504,San Francisco (SFO),Paris (CDG),2025-04-08,2025-04-08,06:12:13,07:12:13,1317.57,1.0,2 Checked Bags,Premium Economy,Yes,No,1085,B,No,Mandarin,162,Flexible Date,Yes,5.0
Qatar Airways,QA2136,San Francisco (SFO),Miami (MIA),2025-04-23,2025-04-23,06:12:13,16:12:13,445.59,10.0,Carry-On Only,Business,No,No,648,Priority,No,French,112,Non-Refundable,Yes,3.9
Southwest Airlines,SO4840,Berlin (BER),New York (JFK),2025-04-07,2025-04-07,06:12:13,14:12:13,1266.88,8.0,1 Checked Bag,First Class,Yes,Yes,2763,B,Yes,English,53,Changeable,No,3.3
Delta Air Lines,DE8193,Los Angeles (LAX),Berlin (BER),2025-03-26,2025-03-26,06:12:13,16:12:13,270.35,10.0,Oversized Baggage,Economy,No,Yes,4505,D,No,French,274,Flexible Date,No,3.7
American Airlines,AM7688,San Francisco (SFO),Miami (MIA),2025-04-27,2025-04-27,06:12:13,07:12:13,996.04,1.0,2 Checked Bags,Economy,Yes,Yes,2657,D,Yes,French,180,Refundable,Yes,1.4
Southwest Airlines,SO8572,Toronto (YYZ),San Francisco (SFO),2025-03-30,2025-03-30,06:12:13,09:12:13,278.97,3.0,Oversized Baggage,Business,Yes,No,2712,A,No,French,283,Refundable,Yes,2.1
British Airways,BR8435,Los Angeles (LAX),Berlin (BER),2025-04-13,2025-04-13,06:12:13,17:12:13,1599.55,11.0,1 Checked Bag,Economy,Yes,No,3111,A,No,Spanish,105,Flexible Date,Yes,1.8
Emirates,EM302,Toronto (YYZ),Chicago (ORD),2025-04-14,2025-04-14,06:12:13,14:12:13,595.54,8.0,2 Checked Bags,Business,No,Yes,1977,A,No,Spanish,225,Changeable,No,1.6
United Airlines,UN9403,London (LHR),Miami (MIA),2025-05-09,2025-05-09,06:12:13,08:12:13,1380.74,2.0,2 Checked Bags,Economy,Yes,No,398,C,No,Spanish,103,Refundable,No,4.7
Qatar Airways,QA1423,Toronto (YYZ),New York (JFK),2025-05-18,2025-05-18,06:12:13,14:12:13,1494.02,8.0,Carry-On Only,Business,No,Yes,4346,B,Yes,English,60,Changeable,Yes,1.9
American Airlines,AM8149,Tokyo (HND),Los Angeles (LAX),2025-03-24,2025-03-24,06:12:13,10:12:13,1225.6,4.0,1 Checked Bag,Economy,No,No,4194,Priority,No,English,87,Changeable,Yes,3.5
Air Canada,AI3722,Toronto (YYZ),Miami (MIA),2025-04-24,2025-04-24,06:12:13,15:12:13,1337.29,9.0,1 Checked Bag,First Class,No,No,617,B,Yes,French,65,Flexible Date,No,2.5
Qatar Airways,QA6945,Miami (MIA),Tokyo (HND),2025-04-01,2025-04-01,06:12:13,08:12:13,1319.44,2.0,2 Checked Bags,Economy,No,No,887,A,No,Spanish,116,Flexible Date,No,1.8
Delta Air Lines,DE4699,New York (JFK),Berlin (BER),2025-04-13,2025-04-13,06:12:13,14:12:13,226.79,8.0,1 Checked Bag,Business,No,Yes,1878,C,No,German,106,Non-Refundable,No,3.4
United Airlines,UN1796,London (LHR),Tokyo (HND),2025-04-08,2025-04-08,06:12:13,18:12:13,578.47,12.0,1 Checked Bag,Economy,No,No,2166,C,Yes,Spanish,216,Changeable,No,4.4
Qatar Airways,QA5809,London (LHR),New York (JFK),2025-03-30,2025-03-30,06:12:13,13:12:13,1887.51,7.0,Oversized Baggage,First Class,Yes,No,241,Priority,Yes,Spanish,213,Changeable,No,4.7
Qatar Airways,QA7891,Toronto (YYZ),Tokyo (HND),2025-05-04,2025-05-04,06:12:13,15:12:13,195.32,9.0,1 Checked Bag,Premium Economy,Yes,Yes,4048,B,No,English,236,Changeable,Yes,2.2
Air Canada,AI1032,Tokyo (HND),Los Angeles (LAX),2025-05-03,2025-05-03,06:12:13,10:12:13,1782.11,4.0,1 Checked Bag,Premium Economy,Yes,No,2326,A,No,Spanish,251,Non-Refundable,No,4.5
American Airlines,AM7705,San Francisco (SFO),Miami (MIA),2025-04-19,2025-04-19,06:12:13,11:12:13,1542.47,5.0,1 Checked Bag,Premium Economy,Yes,Yes,878,A,No,Spanish,270,Non-Refundable,No,4.7
Qatar Airways,QA8017,Dallas (DFW),London (LHR),2025-03-27,2025-03-27,06:12:13,12:12:13,395.13,6.0,Carry-On Only,Economy,Yes,No,3075,C,Yes,German,224,Non-Refundable,Yes,3.5
United Airlines,UN7991,Miami (MIA),Los Angeles (LAX),2025-04-20,2025-04-20,06:12:13,17:12:13,1756.61,11.0,2 Checked Bags,First Class,Yes,No,1436,Priority,Yes,Spanish,199,Changeable,No,2.7
Lufthansa,LU4205,New York (JFK),Toronto (YYZ),2025-05-07,2025-05-07,06:12:13,11:12:13,1653.33,5.0,2 Checked Bags,Premium Economy,Yes,No,111,Priority,Yes,Spanish,280,Changeable,Yes,1.0
Southwest Airlines,SO7889,Miami (MIA),Chicago (ORD),2025-05-15,2025-05-15,06:12:13,07:12:13,1797.33,1.0,Oversized Baggage,Premium Economy,No,Yes,1820,D,Yes,French,273,Non-Refundable,No,2.0
United Airlines,UN8006,Toronto (YYZ),San Francisco (SFO),2025-04-24,2025-04-24,06:12:13,16:12:13,894.28,10.0,Carry-On Only,First Class,Yes,Yes,1690,Priority,Yes,Spanish,138,Refundable,No,3.9
Delta Air Lines,DE8735,Dubai (DXB),Dallas (DFW),2025-03-26,2025-03-26,06:12:13,10:12:13,894.09,4.0,1 Checked Bag,Economy,No,Yes,3688,B,Yes,French,194,Flexible Date,Yes,4.5
Delta Air Lines,DE7367,Dubai (DXB),Dallas (DFW),2025-04-12,2025-04-12,06:12:13,16:12:13,429.2,10.0,Oversized Baggage,Business,Yes,No,4753,C,Yes,Mandarin,219,Refundable,No,4.6
Lufthansa,LU9813,Paris (CDG),San Francisco (SFO),2025-04-13,2025-04-13,06:12:13,11:12:13,918.66,5.0,2 Checked Bags,Economy,No,Yes,2191,A,Yes,Mandarin,53,Changeable,No,4.0
Southwest Airlines,SO7160,Miami (MIA),Tokyo (HND),2025-03-23,2025-03-23,06:12:13,08:12:13,1233.27,2.0,Carry-On Only,Premium Economy,No,No,776,B,Yes,French,289,Non-Refundable,No,3.9
Delta Air Lines,DE8928,Chicago (ORD),Dallas (DFW),2025-04-14,2025-04-14,06:12:13,08:12:13,368.53,2.0,1 Checked Bag,Economy,No,No,2056,C,No,German,233,Refundable,Yes,1.7
United Airlines,UN9176,Los Angeles (LAX),Berlin (BER),2025-05-01,2025-05-01,06:12:13,16:12:13,934.09,10.0,1 Checked Bag,Business,Yes,Yes,2936,A,No,German,222,Refundable,No,4.7
Singapore Airlines,SI1992,San Francisco (SFO),Chicago (ORD),2025-04-20,2025-04-20,06:12:13,07:12:13,1215.56,1.0,1 Checked Bag,Economy,Yes,No,4624,D,No,English,263,Refundable,No,4.8
Air Canada,AI4370,London (LHR),Tokyo (HND),2025-04-21,2025-04-21,06:12:13,07:12:13,743.17,1.0,Oversized Baggage,Premium Economy,No,No,2052,Priority,Yes,Spanish,197,Refundable,Yes,3.0
American Airlines,AM5672,New York (JFK),Miami (MIA),2025-04-11,2025-04-11,06:12:13,11:12:13,1041.07,5.0,2 Checked Bags,Premium Economy,No,Yes,1759,B,Yes,Multilingual,269,Non-Refundable,No,1.5
Air Canada,AI6969,Dubai (DXB),Paris (CDG),2025-04-07,2025-04-07,06:12:13,08:12:13,605.35,2.0,Carry-On Only,Business,Yes,No,4171,D,Yes,German,287,Changeable,Yes,3.1
Air Canada,AI858,Toronto (YYZ),Berlin (BER),2025-05-08,2025-05-08,06:12:13,11:12:13,1327.81,5.0,2 Checked Bags,Economy,No,Yes,535,C,No,Spanish,178,Refundable,Yes,4.6
Lufthansa,LU814,London (LHR),Tokyo (HND),2025-04-21,2025-04-21,06:12:13,17:12:13,1778.87,11.0,Oversized Baggage,Business,Yes,Yes,469,Priority,Yes,French,291,Refundable,No,3.6
Southwest Airlines,SO3664,Berlin (BER),Toronto (YYZ),2025-05-05,2025-05-05,06:12:13,08:12:13,567.62,2.0,Carry-On Only,Premium Economy,Yes,Yes,3558,C,Yes,Mandarin,130,Refundable,No,3.9
Qatar Airways,QA6725,Chicago (ORD),Paris (CDG),2025-05-19,2025-05-19,06:12:13,11:12:13,1537.86,5.0,Carry-On Only,Premium Economy,Yes,Yes,3378,C,Yes,French,213,Non-Refundable,No,1.0
Qatar Airways,QA1215,London (LHR),Toronto (YYZ),2025-05-09,2025-05-09,06:12:13,14:12:13,1918.66,8.0,1 Checked Bag,Premium Economy,No,No,1489,C,Yes,Mandarin,264,Flexible Date,No,4.3
Lufthansa,LU6652,Berlin (BER),San Francisco (SFO),2025-03-25,2025-03-25,06:12:13,15:12:13,1905.74,9.0,Oversized Baggage,Premium Economy,Yes,Yes,218,C,No,Mandarin,297,Refundable,No,1.6
Qatar Airways,QA8748,London (LHR),Tokyo (HND),2025-03-24,2025-03-24,06:12:13,16:12:13,535.28,10.0,Carry-On Only,Economy,No,No,4616,A,No,English,126,Flexible Date,No,2.3
Singapore Airlines,SI9777,Dubai (DXB),Paris (CDG),2025-05-15,2025-05-15,06:12:13,09:12:13,949.45,3.0,Oversized Baggage,Premium Economy,Yes,Yes,184,D,Yes,German,210,Changeable,No,2.8
Qatar Airways,QA129,San Francisco (SFO),New York (JFK),2025-05-04,2025-05-04,06:12:13,09:12:13,1865.15,3.0,1 Checked Bag,Economy,No,Yes,2677,B,Yes,Spanish,292,Refundable,Yes,1.8
United Airlines,UN2120,Chicago (ORD),Tokyo (HND),2025-03-31,2025-03-31,06:12:13,07:12:13,1852.5,1.0,1 Checked Bag,First Class,Yes,No,2244,B,No,Mandarin,211,Changeable,No,4.1
Emirates,EM9895,Paris (CDG),Chicago (ORD),2025-04-14,2025-04-14,06:12:13,16:12:13,1299.95,10.0,2 Checked Bags,Economy,Yes,No,3505,C,Yes,French,102,Flexible Date,No,1.1
United Airlines,UN8791,London (LHR),Berlin (BER),2025-04-20,2025-04-20,06:12:13,14:12:13,1390.08,8.0,1 Checked Bag,Business,No,No,1291,Priority,Yes,English,228,Refundable,No,1.1
British Airways,BR980,Chicago (ORD),Dallas (DFW),2025-05-12,2025-05-12,06:12:13,18:12:13,493.15,12.0,2 Checked Bags,First Class,Yes,No,1382,Priority,No,German,250,Refundable,No,4.3
Southwest Airlines,SO3731,Toronto (YYZ),Chicago (ORD),2025-04-28,2025-04-28,06:12:13,15:12:13,631.12,9.0,Oversized Baggage,Business,No,No,1286,B,No,Multilingual,129,Non-Refundable,No,3.6
American Airlines,AM797,Berlin (BER),Dubai (DXB),2025-05-14,2025-05-14,06:12:13,14:12:13,1054.55,8.0,2 Checked Bags,Business,No,No,3577,C,No,Mandarin,95,Refundable,Yes,4.7
American Airlines,AM9521,Berlin (BER),New York (JFK),2025-03-27,2025-03-27,06:12:13,15:12:13,1929.7,9.0,1 Checked Bag,Business,No,Yes,3533,D,No,Mandarin,270,Non-Refundable,No,1.9
Southwest Airlines,SO135,Miami (MIA),New York (JFK),2025-04-12,2025-04-12,06:12:13,15:12:13,1759.93,9.0,2 Checked Bags,Business,No,Yes,3082,D,No,French,157,Refundable,Yes,4.1
Emirates,EM5376,Los Angeles (LAX),Dubai (DXB),2025-04-19,2025-04-19,06:12:13,07:12:13,1980.97,1.0,2 Checked Bags,Premium Economy,No,No,1423,D,Yes,German,111,Non-Refundable,Yes,1.4
United Airlines,UN5354,Chicago (ORD),San Francisco (SFO),2025-04-27,2025-04-27,06:12:13,10:12:13,1025.07,4.0,1 Checked Bag,Economy,Yes,Yes,4331,B,Yes,German,76,Refundable,Yes,3.5
United Airlines,UN7762,Tokyo (HND),Chicago (ORD),2025-04-20,2025-04-20,06:12:13,10:12:13,1518.68,4.0,1 Checked Bag,Business,Yes,No,800,D,Yes,English,103,Non-Refundable,No,2.0
Singapore Airlines,SI8282,Tokyo (HND),Los Angeles (LAX),2025-04-15,2025-04-15,06:12:13,16:12:13,223.78,10.0,Carry-On Only,Business,Yes,Yes,2519,B,Yes,Spanish,169,Flexible Date,Yes,1.4
Delta Air Lines,DE2394,Dubai (DXB),Paris (CDG),2025-04-17,2025-04-17,06:12:13,11:12:13,1175.42,5.0,1 Checked Bag,Premium Economy,No,No,2559,C,Yes,Mandarin,271,Refundable,No,1.4
Emirates,EM6513,San Francisco (SFO),Toronto (YYZ),2025-05-17,2025-05-17,06:12:13,08:12:13,321.41,2.0,Carry-On Only,Premium Economy,Yes,Yes,2766,A,No,Mandarin,194,Refundable,Yes,3.1
British Airways,BR3249,Toronto (YYZ),Miami (MIA),2025-04-15,2025-04-15,06:12:13,12:12:13,1755.64,6.0,2 Checked Bags,Business,Yes,No,1136,Priority,No,Spanish,214,Refundable,No,1.5
Southwest Airlines,SO2638,San Francisco (SFO),Dallas (DFW),2025-05-09,2025-05-09,06:12:13,14:12:13,1187.16,8.0,Oversized Baggage,First Class,No,Yes,1804,C,Yes,English,171,Non-Refundable,Yes,1.0
British Airways,BR9445,Miami (MIA),Tokyo (HND),2025-04-24,2025-04-24,06:12:13,14:12:13,834.63,8.0,2 Checked Bags,Business,Yes,Yes,2025,D,Yes,Multilingual,198,Flexible Date,No,1.5
United Airlines,UN4056,Tokyo (HND),New York (JFK),2025-04-11,2025-04-11,06:12:13,07:12:13,807.8,1.0,1 Checked Bag,Premium Economy,Yes,Yes,3371,Priority,Yes,Mandarin,253,Refundable,Yes,1.8
Lufthansa,LU537,Chicago (ORD),London (LHR),2025-03-24,2025-03-24,06:12:13,07:12:13,1591.35,1.0,2 Checked Bags,Premium Economy,No,No,1905,Priority,Yes,French,290,Refundable,No,2.1
Air Canada,AI4323,London (LHR),Tokyo (HND),2025-05-07,2025-05-07,06:12:13,15:12:13,613.46,9.0,1 Checked Bag,Economy,No,Yes,1808,A,No,Mandarin,284,Flexible Date,Yes,4.7
United Airlines,UN829,Berlin (BER),Dubai (DXB),2025-03-29,2025-03-29,06:12:13,08:12:13,288.99,2.0,1 Checked Bag,Premium Economy,Yes,Yes,2324,D,No,English,118,Changeable,Yes,1.6
Lufthansa,LU6953,San Francisco (SFO),Dallas (DFW),2025-05-12,2025-05-12,06:12:13,16:12:13,656.94,10.0,1 Checked Bag,Business,No,Yes,4378,A,Yes,Spanish,271,Flexible Date,No,3.0
American Airlines,AM3481,New York (JFK),San Francisco (SFO),2025-04-02,2025-04-02,06:12:13,18:12:13,1336.32,12.0,Oversized Baggage,Business,No,Yes,871,A,No,German,257,Non-Refundable,No,1.6
Emirates,EM6217,Berlin (BER),Toronto (YYZ),2025-03-28,2025-03-28,06:12:13,16:12:13,1214.07,10.0,Oversized Baggage,Premium Economy,Yes,Yes,1475,B,Yes,English,152,Changeable,Yes,2.5
Lufthansa,LU4873,Miami (MIA),Tokyo (HND),2025-05-17,2025-05-17,06:12:13,07:12:13,1453.55,1.0,2 Checked Bags,Business,No,No,4226,C,Yes,French,161,Refundable,Yes,4.1
Emirates,EM3752,Los Angeles (LAX),Toronto (YYZ),2025-05-02,2025-05-02,06:12:13,16:12:13,984.53,10.0,Carry-On Only,Premium Economy,Yes,No,3898,B,Yes,German,217,Refundable,Yes,2.9
British Airways,BR2486,Los Angeles (LAX),San Francisco (SFO),2025-05-14,2025-05-14,06:12:13,18:12:13,1964.05,12.0,Carry-On Only,Premium Economy,No,Yes,2046,D,Yes,English,252,Non-Refundable,No,4.4
Air Canada,AI3215,Chicago (ORD),New York (JFK),2025-05-13,2025-05-13,06:12:13,15:12:13,1847.61,9.0,Carry-On Only,Business,No,Yes,3512,C,Yes,Mandarin,94,Non-Refundable,No,3.6
American Airlines,AM2790,Dallas (DFW),London (LHR),2025-04-08,2025-04-08,06:12:13,12:12:13,511.3,6.0,Carry-On Only,Premium Economy,Yes,No,2659,Priority,No,Mandarin,93,Changeable,Yes,2.5
Delta Air Lines,DE2223,San Francisco (SFO),Berlin (BER),2025-04-21,2025-04-21,06:12:13,10:12:13,662.71,4.0,Carry-On Only,First Class,Yes,Yes,1025,D,Yes,Mandarin,132,Flexible Date,Yes,2.2
American Airlines,AM2065,Chicago (ORD),Tokyo (HND),2025-05-09,2025-05-09,06:12:13,07:12:13,512.47,1.0,Carry-On Only,Premium Economy,No,No,4640,Priority,Yes,English,85,Changeable,Yes,4.5
United Airlines,UN2629,San Francisco (SFO),Chicago (ORD),2025-05-13,2025-05-13,06:12:13,12:12:13,1017.68,6.0,2 Checked Bags,First Class,Yes,No,3807,A,Yes,Spanish,236,Refundable,No,2.0
United Airlines,UN3592,Paris (CDG),New York (JFK),2025-03-25,2025-03-25,06:12:13,07:12:13,863.39,1.0,1 Checked Bag,First Class,Yes,No,4838,D,No,English,86,Non-Refundable,Yes,3.4
Air Canada,AI7560,Chicago (ORD),Miami (MIA),2025-03-24,2025-03-24,06:12:13,09:12:13,285.93,3.0,1 Checked Bag,Business,Yes,Yes,1641,D,Yes,German,254,Non-Refundable,No,2.3
Qatar Airways,QA7762,London (LHR),Paris (CDG),2025-05-14,2025-05-14,06:12:13,10:12:13,1203.9,4.0,Carry-On Only,Premium Economy,Yes,No,4842,D,No,English,150,Refundable,No,4.5
Southwest Airlines,SO3927,Los Angeles (LAX),London (LHR),2025-05-19,2025-05-19,06:12:13,11:12:13,472.89,5.0,2 Checked Bags,Economy,Yes,Yes,2340,D,Yes,Multilingual,121,Non-Refundable,Yes,1.5
American Airlines,AM274,San Francisco (SFO),Miami (MIA),2025-04-28,2025-04-28,06:12:13,16:12:13,1296.45,10.0,1 Checked Bag,Business,No,Yes,1246,C,No,Spanish,297,Changeable,Yes,3.6
Delta Air Lines,DE7952,Berlin (BER),Los Angeles (LAX),2025-04-17,2025-04-17,06:12:13,09:12:13,477.45,3.0,Carry-On Only,Economy,Yes,No,4670,C,No,French,177,Refundable,Yes,4.7
Qatar Airways,QA194,London (LHR),Miami (MIA),2025-03-23,2025-03-23,06:12:13,15:12:13,1180.76,9.0,Carry-On Only,Economy,Yes,Yes,4761,C,Yes,French,201,Refundable,Yes,5.0
Southwest Airlines,SO3894,Tokyo (HND),Miami (MIA),2025-04-29,2025-04-29,06:12:13,18:12:13,1110.08,12.0,1 Checked Bag,Business,Yes,No,1147,D,No,Multilingual,115,Changeable,No,5.0
Lufthansa,LU801,Chicago (ORD),Paris (CDG),2025-05-15,2025-05-15,06:12:13,17:12:13,799.03,11.0,Carry-On Only,Premium Economy,No,No,2529,C,Yes,German,53,Non-Refundable,Yes,2.6
Southwest Airlines,SO6146,Los Angeles (LAX),San Francisco (SFO),2025-04-10,2025-04-10,06:12:13,18:12:13,396.77,12.0,Carry-On Only,Business,Yes,No,4881,A,No,Spanish,268,Refundable,No,4.8
British Airways,BR5565,San Francisco (SFO),Paris (CDG),2025-04-27,2025-04-27,06:12:13,11:12:13,1977.7,5.0,Oversized Baggage,Premium Economy,Yes,Yes,4967,Priority,Yes,French,276,Refundable,No,2.5
American Airlines,AM2127,Miami (MIA),Tokyo (HND),2025-03-26,2025-03-26,06:12:13,07:12:13,517.63,1.0,Oversized Baggage,Business,No,No,4980,A,Yes,Spanish,210,Refundable,Yes,3.0
United Airlines,UN491,San Francisco (SFO),Dallas (DFW),2025-04-02,2025-04-02,06:12:13,13:12:13,1923.75,7.0,1 Checked Bag,First Class,No,Yes,476,Priority,Yes,German,254,Flexible Date,No,3.7
United Airlines,UN6752,Berlin (BER),Los Angeles (LAX),2025-05-10,2025-05-10,06:12:13,07:12:13,1805.44,1.0,Carry-On Only,Business,Yes,No,2017,Priority,No,English,146,Changeable,No,3.7
American Airlines,AM6390,London (LHR),San Francisco (SFO),2025-04-13,2025-04-13,06:12:13,11:12:13,1791.73,5.0,2 Checked Bags,Premium Economy,Yes,No,4125,C,Yes,Mandarin,266,Changeable,No,1.8
United Airlines,UN390,Tokyo (HND),Chicago (ORD),2025-05-17,2025-05-17,06:12:13,16:12:13,582.2,10.0,Carry-On Only,First Class,No,No,1282,C,Yes,German,122,Refundable,Yes,2.0
British Airways,BR1247,Dallas (DFW),Chicago (ORD),2025-05-07,2025-05-07,06:12:13,08:12:13,975.09,2.0,2 Checked Bags,Premium Economy,No,No,1603,D,Yes,Mandarin,84,Non-Refundable,Yes,4.2
American Airlines,AM1171,Miami (MIA),New York (JFK),2025-04-02,2025-04-02,06:12:13,13:12:13,445.67,7.0,Oversized Baggage,Economy,Yes,Yes,4385,Priority,No,Spanish,112,Changeable,No,2.3
Southwest Airlines,SO4520,San Francisco (SFO),Paris (CDG),2025-05-04,2025-05-04,06:12:13,09:12:13,1978.16,3.0,Carry-On Only,Premium Economy,No,No,4841,D,No,Multilingual,114,Flexible Date,No,4.1
Emirates,EM7490,New York (JFK),Berlin (BER),2025-04-15,2025-04-15,06:12:13,11:12:13,747.1,5.0,Oversized Baggage,First Class,Yes,Yes,4126,C,Yes,German,93,Changeable,Yes,4.6
Emirates,EM2442,Toronto (YYZ),Dallas (DFW),2025-05-08,2025-05-08,06:12:13,08:12:13,556.32,2.0,Oversized Baggage,Business,No,No,2727,Priority,Yes,English,102,Non-Refundable,Yes,3.8
British Airways,BR2786,Miami (MIA),Dubai (DXB),2025-04-12,2025-04-12,06:12:13,11:12:13,1391.93,5.0,1 Checked Bag,First Class,No,Yes,4718,A,Yes,Multilingual,180,Changeable,Yes,3.8
Southwest Airlines,SO2731,Dallas (DFW),Dubai (DXB),2025-04-15,2025-04-15,06:12:13,07:12:13,1306.09,1.0,Oversized Baggage,Business,No,Yes,4032,C,Yes,English,199,Changeable,Yes,1.1
United Airlines,UN394,Toronto (YYZ),Tokyo (HND),2025-05-06,2025-05-06,06:12:13,07:12:13,856.43,1.0,1 Checked Bag,Economy,No,No,2233,A,Yes,Spanish,272,Refundable,Yes,3.6
Lufthansa,LU1765,Los Angeles (LAX),Miami (MIA),2025-04-09,2025-04-09,06:12:13,08:12:13,404.74,2.0,Oversized Baggage,Business,No,Yes,1659,B,No,Mandarin,263,Non-Refundable,Yes,2.9
American Airlines,AM6184,Berlin (BER),Miami (MIA),2025-04-20,2025-04-20,06:12:13,14:12:13,1646.57,8.0,Carry-On Only,Premium Economy,No,No,2885,D,No,Multilingual,197,Changeable,No,4.1
Emirates,EM4101,New York (JFK),Tokyo (HND),2025-05-19,2025-05-19,06:12:13,13:12:13,1963.15,7.0,Oversized Baggage,Premium Economy,Yes,No,1077,C,Yes,Multilingual,254,Flexible Date,No,2.0
Qatar Airways,QA8799,New York (JFK),Dallas (DFW),2025-03-28,2025-03-28,06:12:13,07:12:13,515.87,1.0,Oversized Baggage,Business,No,Yes,4547,B,No,German,228,Non-Refundable,Yes,4.6
Qatar Airways,QA435,Tokyo (HND),Berlin (BER),2025-05-02,2025-05-02,06:12:13,07:12:13,1204.65,1.0,Carry-On Only,Premium Economy,No,No,4497,D,Yes,English,132,Refundable,No,3.7
Air Canada,AI1855,Miami (MIA),Dubai (DXB),2025-04-04,2025-04-04,06:12:13,18:12:13,405.83,12.0,Oversized Baggage,Business,Yes,No,241,B,Yes,English,124,Non-Refundable,Yes,3.4
Qatar Airways,QA1986,Toronto (YYZ),Tokyo (HND),2025-03-24,2025-03-24,06:12:13,13:12:13,1826.66,7.0,Oversized Baggage,Premium Economy,Yes,No,1790,C,Yes,German,247,Flexible Date,Yes,1.3
United Airlines,UN9941,San Francisco (SFO),Chicago (ORD),2025-04-11,2025-04-11,06:12:13,14:12:13,255.57,8.0,1 Checked Bag,First Class,No,Yes,4067,A,Yes,Spanish,242,Refundable,Yes,3.1
United Airlines,UN2761,Tokyo (HND),Los Angeles (LAX),2025-04-06,2025-04-06,06:12:13,18:12:13,1853.08,12.0,2 Checked Bags,First Class,No,No,3456,C,Yes,Mandarin,79,Changeable,No,4.9
British Airways,BR5758,London (LHR),Dubai (DXB),2025-03-23,2025-03-23,06:12:13,15:12:13,625.36,9.0,1 Checked Bag,First Class,No,Yes,3930,B,No,Mandarin,166,Flexible Date,No,2.3
United Airlines,UN5928,Dubai (DXB),Berlin (BER),2025-04-01,2025-04-01,06:12:13,16:12:13,1217.92,10.0,2 Checked Bags,Premium Economy,Yes,Yes,239,A,Yes,English,129,Flexible Date,Yes,4.0
Lufthansa,LU2374,Los Angeles (LAX),Paris (CDG),2025-05-19,2025-05-19,06:12:13,16:12:13,1202.95,10.0,Oversized Baggage,First Class,No,No,3396,A,No,English,201,Changeable,No,5.0
British Airways,BR9954,Dallas (DFW),London (LHR),2025-04-11,2025-04-11,06:12:13,10:12:13,167.85,4.0,Carry-On Only,Economy,Yes,Yes,4503,B,No,English,169,Refundable,Yes,4.0
Lufthansa,LU3119,New York (JFK),Toronto (YYZ),2025-03-22,2025-03-22,06:12:13,16:12:13,1804.86,10.0,2 Checked Bags,First Class,Yes,Yes,3501,Priority,Yes,Multilingual,76,Flexible Date,Yes,2.0
United Airlines,UN2293,Tokyo (HND),Chicago (ORD),2025-05-11,2025-05-11,06:12:13,14:12:13,221.07,8.0,1 Checked Bag,Economy,Yes,No,1518,B,No,French,77,Non-Refundable,Yes,1.8
Singapore Airlines,SI3587,London (LHR),Tokyo (HND),2025-05-10,2025-05-10,06:12:13,09:12:13,1175.26,3.0,Carry-On Only,Business,Yes,No,4694,B,No,Multilingual,259,Non-Refundable,No,2.1
British Airways,BR8335,Los Angeles (LAX),Toronto (YYZ),2025-05-04,2025-05-04,06:12:13,12:12:13,452.2,6.0,2 Checked Bags,Economy,Yes,Yes,3772,B,No,Spanish,222,Changeable,Yes,2.4
Lufthansa,LU8435,Paris (CDG),Miami (MIA),2025-05-20,2025-05-20,06:12:13,09:12:13,1829.24,3.0,Oversized Baggage,First Class,Yes,No,931,B,Yes,Spanish,220,Non-Refundable,No,4.2
Southwest Airlines,SO3982,New York (JFK),Chicago (ORD),2025-04-25,2025-04-25,06:12:13,08:12:13,769.23,2.0,Carry-On Only,Premium Economy,Yes,Yes,525,A,No,Mandarin,237,Flexible Date,No,1.0
United Airlines,UN4414,Dallas (DFW),Miami (MIA),2025-03-24,2025-03-24,06:12:13,08:12:13,1318.57,2.0,2 Checked Bags,Economy,Yes,No,1862,Priority,Yes,Spanish,251,Changeable,No,2.6
Singapore Airlines,SI4256,New York (JFK),San Francisco (SFO),2025-04-19,2025-04-19,06:12:13,09:12:13,894.26,3.0,1 Checked Bag,Premium Economy,No,Yes,2387,D,Yes,Spanish,142,Changeable,Yes,4.7
Southwest Airlines,SO2569,Tokyo (HND),Berlin (BER),2025-04-23,2025-04-23,06:12:13,17:12:13,1717.53,11.0,Oversized Baggage,First Class,No,Yes,549,A,Yes,English,280,Changeable,Yes,3.2
Air Canada,AI3092,Tokyo (HND),Miami (MIA),2025-05-17,2025-05-17,06:12:13,18:12:13,1789.03,12.0,Oversized Baggage,First Class,Yes,Yes,722,D,No,German,222,Changeable,No,2.1
Southwest Airlines,SO8607,New York (JFK),Toronto (YYZ),2025-05-12,2025-05-12,06:12:13,08:12:13,824.74,2.0,Carry-On Only,Business,Yes,No,2619,D,No,English,181,Refundable,Yes,2.8
Air Canada,AI828,Paris (CDG),Los Angeles (LAX),2025-04-02,2025-04-02,06:12:13,07:12:13,1819.61,1.0,Carry-On Only,Premium Economy,Yes,Yes,914,Priority,No,Mandarin,159,Flexible Date,No,4.2
Delta Air Lines,DE8636,Los Angeles (LAX),New York (JFK),2025-04-15,2025-04-15,06:12:13,13:12:13,1560.6,7.0,Carry-On Only,Economy,Yes,No,1535,A,No,French,299,Flexible Date,No,3.1
American Airlines,AM658,Chicago (ORD),Los Angeles (LAX),2025-04-23,2025-04-23,06:12:13,14:12:13,1158.58,8.0,2 Checked Bags,Business,Yes,Yes,1151,D,No,French,166,Refundable,No,4.2
American Airlines,AM8534,London (LHR),Dubai (DXB),2025-05-06,2025-05-06,06:12:13,16:12:13,382.01,10.0,1 Checked Bag,First Class,Yes,No,4043,D,Yes,Spanish,75,Non-Refundable,No,2.1
Air Canada,AI3719,Tokyo (HND),Miami (MIA),2025-04-15,2025-04-15,06:12:13,12:12:13,357.26,6.0,1 Checked Bag,Premium Economy,Yes,Yes,739,A,Yes,German,110,Flexible Date,No,3.0
American Airlines,AM2574,London (LHR),Los Angeles (LAX),2025-03-23,2025-03-23,06:12:13,12:12:13,994.68,6.0,Oversized Baggage,Business,Yes,Yes,1561,B,Yes,Spanish,219,Refundable,Yes,3.1
British Airways,BR4552,London (LHR),Berlin (BER),2025-04-18,2025-04-18,06:12:13,15:12:13,208.59,9.0,1 Checked Bag,Business,No,No,856,A,No,German,74,Non-Refundable,Yes,3.8
Emirates,EM9272,San Francisco (SFO),Paris (CDG),2025-04-09,2025-04-09,06:12:13,10:12:13,600.98,4.0,1 Checked Bag,Economy,Yes,Yes,2441,D,No,Mandarin,202,Non-Refundable,Yes,4.2
Southwest Airlines,SO9849,San Francisco (SFO),Berlin (BER),2025-03-25,2025-03-25,06:12:13,14:12:13,958.19,8.0,Carry-On Only,First Class,No,No,4102,Priority,No,French,81,Flexible Date,Yes,3.7
Emirates,EM4947,Dallas (DFW),Los Angeles (LAX),2025-04-28,2025-04-28,06:12:13,10:12:13,504.69,4.0,Oversized Baggage,Premium Economy,No,No,1001,D,Yes,German,284,Non-Refundable,No,2.5
United Airlines,UN2518,Paris (CDG),Tokyo (HND),2025-04-05,2025-04-05,06:12:13,08:12:13,1884.73,2.0,Carry-On Only,Premium Economy,No,Yes,4699,C,No,Multilingual,290,Non-Refundable,Yes,1.2
Air Canada,AI4504,Toronto (YYZ),New York (JFK),2025-04-14,2025-04-14,06:12:13,15:12:13,1154.24,9.0,Oversized Baggage,Premium Economy,No,Yes,1568,D,Yes,Mandarin,61,Refundable,Yes,2.5
Emirates,EM9815,Los Angeles (LAX),Berlin (BER),2025-04-02,2025-04-02,06:12:13,18:12:13,1684.73,12.0,2 Checked Bags,Premium Economy,No,No,1414,A,No,Multilingual,76,Refundable,Yes,2.1
Singapore Airlines,SI2372,Berlin (BER),Miami (MIA),2025-05-02,2025-05-02,06:12:13,07:12:13,946.85,1.0,1 Checked Bag,Business,Yes,No,2039,B,No,Multilingual,203,Changeable,No,1.1
Delta Air Lines,DE5673,Paris (CDG),Toronto (YYZ),2025-03-24,2025-03-24,06:12:13,09:12:13,1791.04,3.0,Carry-On Only,First Class,Yes,Yes,2812,Priority,No,Mandarin,195,Non-Refundable,Yes,3.7
Emirates,EM367,Dallas (DFW),Paris (CDG),2025-04-14,2025-04-14,06:12:13,14:12:13,1075.62,8.0,1 Checked Bag,Economy,Yes,Yes,4186,A,No,German,71,Refundable,Yes,2.9
Delta Air Lines,DE4218,New York (JFK),San Francisco (SFO),2025-04-30,2025-04-30,06:12:13,11:12:13,1385.69,5.0,Oversized Baggage,Economy,Yes,Yes,1545,Priority,No,Mandarin,134,Refundable,Yes,3.6
Qatar Airways,QA4492,Paris (CDG),Berlin (BER),2025-03-24,2025-03-24,06:12:13,10:12:13,243.82,4.0,2 Checked Bags,Business,Yes,Yes,2923,A,Yes,English,216,Changeable,Yes,3.0
Lufthansa,LU6005,Dallas (DFW),San Francisco (SFO),2025-04-23,2025-04-23,06:12:13,13:12:13,1678.73,7.0,1 Checked Bag,Economy,No,Yes,879,D,Yes,German,142,Refundable,No,2.6
Qatar Airways,QA1396,Dallas (DFW),Los Angeles (LAX),2025-05-17,2025-05-17,06:12:13,08:12:13,1252.7,2.0,2 Checked Bags,Business,No,No,1280,Priority,Yes,Mandarin,139,Refundable,Yes,3.4
American Airlines,AM2503,Berlin (BER),Miami (MIA),2025-03-27,2025-03-27,06:12:13,07:12:13,1031.96,1.0,2 Checked Bags,First Class,No,No,395,Priority,Yes,Spanish,129,Flexible Date,Yes,1.8
Lufthansa,LU1756,San Francisco (SFO),Dallas (DFW),2025-05-12,2025-05-12,06:12:13,12:12:13,1205.34,6.0,Oversized Baggage,Premium Economy,No,No,2505,C,No,French,165,Non-Refundable,Yes,1.4
United Airlines,UN6082,London (LHR),Berlin (BER),2025-05-10,2025-05-10,06:12:13,11:12:13,359.32,5.0,Oversized Baggage,Business,No,Yes,516,C,No,Multilingual,255,Flexible Date,No,1.4
Southwest Airlines,SO9015,Berlin (BER),Los Angeles (LAX),2025-05-08,2025-05-08,06:12:13,11:12:13,531.38,5.0,Oversized Baggage,First Class,No,Yes,2655,C,No,German,70,Flexible Date,Yes,1.3
Southwest Airlines,SO5185,San Francisco (SFO),London (LHR),2025-04-09,2025-04-09,06:12:13,11:12:13,1959.93,5.0,Carry-On Only,First Class,No,No,221,B,Yes,German,114,Changeable,No,1.9
Delta Air Lines,DE4271,Berlin (BER),Paris (CDG),2025-04-17,2025-04-17,06:12:13,16:12:13,442.21,10.0,1 Checked Bag,First Class,Yes,Yes,3549,Priority,Yes,German,218,Refundable,Yes,4.9
Air Canada,AI8911,Miami (MIA),London (LHR),2025-05-11,2025-05-11,06:12:13,14:12:13,508.5,8.0,2 Checked Bags,First Class,Yes,Yes,1705,C,No,Mandarin,145,Changeable,No,3.6
Singapore Airlines,SI9982,Dallas (DFW),Berlin (BER),2025-03-31,2025-03-31,06:12:13,10:12:13,921.32,4.0,2 Checked Bags,Premium Economy,Yes,Yes,1214,Priority,Yes,Spanish,145,Non-Refundable,No,4.8
Singapore Airlines,SI2884,Los Angeles (LAX),London (LHR),2025-03-26,2025-03-26,06:12:13,14:12:13,1578.46,8.0,Oversized Baggage,Premium Economy,Yes,Yes,3065,Priority,No,German,136,Changeable,Yes,4.6
United Airlines,UN8838,Miami (MIA),Berlin (BER),2025-04-28,2025-04-28,06:12:13,07:12:13,336.31,1.0,Carry-On Only,Business,No,No,4532,Priority,Yes,Spanish,239,Flexible Date,Yes,3.8
Singapore Airlines,SI4906,New York (JFK),Chicago (ORD),2025-04-21,2025-04-21,06:12:13,12:12:13,1920.41,6.0,2 Checked Bags,First Class,No,Yes,2876,B,No,English,187,Changeable,Yes,4.4
Air Canada,AI4618,Toronto (YYZ),Tokyo (HND),2025-05-19,2025-05-19,06:12:13,11:12:13,210.7,5.0,2 Checked Bags,First Class,Yes,Yes,2282,D,No,Spanish,220,Non-Refundable,No,3.1
Singapore Airlines,SI2190,New York (JFK),Chicago (ORD),2025-05-07,2025-05-07,06:12:13,18:12:13,504.02,12.0,Carry-On Only,Economy,No,Yes,386,Priority,No,Multilingual,295,Changeable,Yes,1.3
Lufthansa,LU8470,San Francisco (SFO),Chicago (ORD),2025-04-29,2025-04-29,06:12:13,18:12:13,487.83,12.0,1 Checked Bag,Premium Economy,No,No,1100,C,Yes,Spanish,75,Non-Refundable,Yes,1.5
Emirates,EM5445,Berlin (BER),Tokyo (HND),2025-04-25,2025-04-25,06:12:13,16:12:13,1962.92,10.0,2 Checked Bags,Premium Economy,No,Yes,1332,A,No,German,112,Flexible Date,No,3.0
Emirates,EM5329,Toronto (YYZ),Tokyo (HND),2025-05-10,2025-05-10,06:12:13,16:12:13,968.49,10.0,1 Checked Bag,Business,No,No,1801,C,No,Mandarin,167,Changeable,Yes,2.6
Singapore Airlines,SI866,Miami (MIA),Tokyo (HND),2025-05-17,2025-05-17,06:12:13,18:12:13,753.74,12.0,Oversized Baggage,Business,No,Yes,4355,C,Yes,Multilingual,181,Non-Refundable,Yes,4.2
British Airways,BR7423,Miami (MIA),San Francisco (SFO),2025-03-24,2025-03-24,06:12:13,13:12:13,329.12,7.0,Carry-On Only,Economy,Yes,Yes,3817,C,Yes,Spanish,253,Non-Refundable,Yes,4.8
Delta Air Lines,DE1617,Dubai (DXB),Los Angeles (LAX),2025-04-20,2025-04-20,06:12:13,15:12:13,1978.98,9.0,Oversized Baggage,First Class,No,No,4135,C,No,German,263,Refundable,No,4.1
American Airlines,AM6647,San Francisco (SFO),Paris (CDG),2025-04-02,2025-04-02,06:12:13,15:12:13,679.64,9.0,Oversized Baggage,Business,Yes,No,4988,D,No,German,189,Non-Refundable,Yes,4.6
United Airlines,UN7741,Toronto (YYZ),San Francisco (SFO),2025-04-30,2025-04-30,06:12:13,10:12:13,1257.45,4.0,2 Checked Bags,Premium Economy,No,No,4608,B,No,Multilingual,52,Changeable,No,1.4
Delta Air Lines,DE9513,Dubai (DXB),New York (JFK),2025-05-19,2025-05-19,06:12:13,13:12:13,1691.62,7.0,Carry-On Only,Premium Economy,No,Yes,4153,D,Yes,Multilingual,80,Flexible Date,No,4.3
Southwest Airlines,SO6652,London (LHR),Dallas (DFW),2025-04-08,2025-04-08,06:12:13,07:12:13,564.62,1.0,Oversized Baggage,Business,No,Yes,296,D,No,German,111,Flexible Date,No,4.2
Lufthansa,LU5467,Paris (CDG),New York (JFK),2025-04-26,2025-04-26,06:12:13,18:12:13,995.41,12.0,Carry-On Only,Business,No,Yes,2083,A,Yes,English,54,Refundable,Yes,1.6
Emirates,EM3177,Berlin (BER),Toronto (YYZ),2025-05-19,2025-05-19,06:12:13,08:12:13,640.13,2.0,Oversized Baggage,Business,Yes,No,3968,Priority,No,French,62,Flexible Date,No,1.3
British Airways,BR3760,London (LHR),Miami (MIA),2025-05-03,2025-05-03,06:12:13,14:12:13,165.47,8.0,Oversized Baggage,Business,No,No,744,A,No,French,287,Changeable,Yes,1.1
Lufthansa,LU5627,New York (JFK),Dallas (DFW),2025-04-06,2025-04-06,06:12:13,16:12:13,722.84,10.0,2 Checked Bags,Economy,Yes,No,2534,Priority,No,Multilingual,234,Flexible Date,No,1.9
United Airlines,UN6789,Berlin (BER),Dallas (DFW),2025-04-28,2025-04-28,06:12:13,08:12:13,1655.08,2.0,Carry-On Only,Business,No,Yes,550,C,No,English,158,Flexible Date,Yes,5.0
Lufthansa,LU9437,Dallas (DFW),Miami (MIA),2025-03-25,2025-03-25,06:12:13,15:12:13,1063.01,9.0,Oversized Baggage,Economy,Yes,Yes,4269,Priority,Yes,Spanish,287,Changeable,Yes,1.3
American Airlines,AM9186,Tokyo (HND),Paris (CDG),2025-04-28,2025-04-28,06:12:13,16:12:13,1207.36,10.0,Oversized Baggage,Economy,No,Yes,4258,C,No,English,259,Refundable,No,3.4
Emirates,EM2396,New York (JFK),Berlin (BER),2025-05-09,2025-05-09,06:12:13,16:12:13,1599.82,10.0,1 Checked Bag,Business,Yes,No,3285,C,No,Spanish,118,Changeable,No,1.3
Qatar Airways,QA7181,Chicago (ORD),New York (JFK),2025-04-15,2025-04-15,06:12:13,07:12:13,697.37,1.0,2 Checked Bags,Economy,Yes,No,2248,B,Yes,Mandarin,108,Non-Refundable,No,3.2
Qatar Airways,QA7713,New York (JFK),Paris (CDG),2025-03-24,2025-03-24,06:12:13,14:12:13,567.67,8.0,Oversized Baggage,Economy,No,Yes,3313,Priority,Yes,Mandarin,167,Changeable,No,1.9
Delta Air Lines,DE3685,Paris (CDG),Chicago (ORD),2025-05-17,2025-05-17,06:12:13,14:12:13,508.79,8.0,2 Checked Bags,Business,No,No,4875,Priority,No,Mandarin,192,Changeable,Yes,3.1
Emirates,EM9392,New York (JFK),Tokyo (HND),2025-04-23,2025-04-23,06:12:13,11:12:13,481.83,5.0,Carry-On Only,Premium Economy,No,No,864,B,Yes,English,264,Flexible Date,Yes,1.6
Delta Air Lines,DE4911,Miami (MIA),San Francisco (SFO),2025-04-28,2025-04-28,06:12:13,08:12:13,318.07,2.0,Oversized Baggage,Premium Economy,No,No,1002,Priority,No,German,251,Flexible Date,Yes,3.9
British Airways,BR9277,Dubai (DXB),Miami (MIA),2025-04-14,2025-04-14,06:12:13,10:12:13,381.4,4.0,2 Checked Bags,Premium Economy,No,Yes,1993,C,No,French,188,Flexible Date,No,2.8
American Airlines,AM9330,Los Angeles (LAX),Miami (MIA),2025-03-25,2025-03-25,06:12:13,16:12:13,1333.02,10.0,Oversized Baggage,Business,No,No,2028,A,Yes,German,61,Refundable,Yes,3.5
Delta Air Lines,DE5505,Los Angeles (LAX),Dallas (DFW),2025-04-04,2025-04-04,06:12:13,11:12:13,463.05,5.0,Carry-On Only,Economy,Yes,Yes,1193,Priority,No,Mandarin,278,Flexible Date,Yes,3.3
Emirates,EM3080,Tokyo (HND),Dubai (DXB),2025-04-09,2025-04-09,06:12:13,14:12:13,941.87,8.0,Carry-On Only,First Class,Yes,Yes,307,C,No,German,60,Flexible Date,Yes,4.0
Air Canada,AI1141,Dubai (DXB),Los Angeles (LAX),2025-03-29,2025-03-29,06:12:13,07:12:13,1561.11,1.0,Carry-On Only,Premium Economy,Yes,No,2459,A,Yes,German,178,Changeable,Yes,1.8
Qatar Airways,QA9546,Tokyo (HND),San Francisco (SFO),2025-04-19,2025-04-19,06:12:13,16:12:13,613.67,10.0,1 Checked Bag,First Class,No,No,4498,C,Yes,French,189,Flexible Date,Yes,2.7
Southwest Airlines,SO1250,Paris (CDG),Los Angeles (LAX),2025-04-07,2025-04-07,06:12:13,08:12:13,289.34,2.0,1 Checked Bag,Premium Economy,No,Yes,1695,A,Yes,Multilingual,220,Changeable,Yes,2.9
Qatar Airways,QA143,Chicago (ORD),New York (JFK),2025-03-25,2025-03-25,06:12:13,18:12:13,1640.41,12.0,Oversized Baggage,Premium Economy,No,No,3218,D,No,German,194,Flexible Date,No,3.0
American Airlines,AM6549,Chicago (ORD),Paris (CDG),2025-03-24,2025-03-24,06:12:13,16:12:13,1508.49,10.0,Carry-On Only,Business,Yes,No,1752,B,Yes,French,85,Flexible Date,Yes,3.6
Air Canada,AI9332,Toronto (YYZ),Chicago (ORD),2025-05-15,2025-05-15,06:12:13,08:12:13,1595.91,2.0,1 Checked Bag,Premium Economy,Yes,Yes,1793,A,Yes,Multilingual,143,Non-Refundable,No,1.2
British Airways,BR1586,Paris (CDG),Dallas (DFW),2025-04-10,2025-04-10,06:12:13,17:12:13,1235.8,11.0,1 Checked Bag,Premium Economy,Yes,Yes,2022,B,Yes,French,276,Flexible Date,No,1.8
American Airlines,AM2591,Berlin (BER),Dallas (DFW),2025-05-08,2025-05-08,06:12:13,11:12:13,882.33,5.0,Carry-On Only,Business,No,No,399,A,Yes,German,109,Refundable,No,3.4
Air Canada,AI4660,London (LHR),Miami (MIA),2025-03-30,2025-03-30,06:12:13,18:12:13,865.06,12.0,2 Checked Bags,First Class,No,No,3575,Priority,Yes,English,232,Non-Refundable,Yes,3.6
Air Canada,AI9178,New York (JFK),Miami (MIA),2025-05-05,2025-05-05,06:12:13,07:12:13,1694.11,1.0,Oversized Baggage,First Class,No,No,736,C,Yes,German,219,Changeable,Yes,4.8
United Airlines,UN3850,London (LHR),San Francisco (SFO),2025-04-19,2025-04-19,06:12:13,17:12:13,166.7,11.0,Carry-On Only,Premium Economy,Yes,Yes,1509,Priority,No,French,146,Changeable,No,1.7
Delta Air Lines,DE7091,Toronto (YYZ),Los Angeles (LAX),2025-05-10,2025-05-10,06:12:13,18:12:13,1361.84,12.0,1 Checked Bag,Economy,Yes,No,1290,C,No,German,231,Changeable,Yes,4.4
Air Canada,AI2122,Chicago (ORD),Los Angeles (LAX),2025-05-17,2025-05-17,06:12:13,07:12:13,751.69,1.0,2 Checked Bags,Business,Yes,No,1682,A,No,Mandarin,269,Changeable,Yes,2.4
Southwest Airlines,SO6647,San Francisco (SFO),New York (JFK),2025-05-01,2025-05-01,06:12:13,16:12:13,1812.05,10.0,2 Checked Bags,Economy,No,Yes,1963,C,No,German,88,Non-Refundable,No,4.6
Qatar Airways,QA2828,Berlin (BER),Dallas (DFW),2025-04-24,2025-04-24,06:12:13,15:12:13,541.22,9.0,Oversized Baggage,Business,Yes,Yes,1232,Priority,Yes,Spanish,94,Changeable,No,4.0
Delta Air Lines,DE7695,Toronto (YYZ),Los Angeles (LAX),2025-03-26,2025-03-26,06:12:13,10:12:13,164.43,4.0,Oversized Baggage,Premium Economy,No,Yes,1572,A,Yes,French,98,Refundable,No,3.6
Lufthansa,LU2746,Miami (MIA),Paris (CDG),2025-04-27,2025-04-27,06:12:13,07:12:13,1531.89,1.0,1 Checked Bag,Premium Economy,No,No,1005,D,Yes,German,297,Changeable,Yes,3.7
British Airways,BR8331,New York (JFK),Tokyo (HND),2025-04-30,2025-04-30,06:12:13,18:12:13,176.34,12.0,2 Checked Bags,First Class,Yes,No,920,Priority,No,French,255,Refundable,Yes,1.4
Emirates,EM4882,Dallas (DFW),Dubai (DXB),2025-04-01,2025-04-01,06:12:13,13:12:13,958.24,7.0,Oversized Baggage,Economy,Yes,No,1780,C,Yes,Multilingual,65,Changeable,No,2.9
Southwest Airlines,SO2591,Dubai (DXB),Los Angeles (LAX),2025-04-08,2025-04-08,06:12:13,11:12:13,286.51,5.0,2 Checked Bags,First Class,No,No,1348,C,Yes,Multilingual,172,Non-Refundable,No,4.9
Delta Air Lines,DE1998,Toronto (YYZ),Tokyo (HND),2025-04-23,2025-04-23,06:12:13,13:12:13,672.57,7.0,Carry-On Only,Business,No,No,3258,Priority,No,French,50,Changeable,Yes,2.6
British Airways,BR2727,Toronto (YYZ),Dubai (DXB),2025-04-21,2025-04-21,06:12:13,13:12:13,1359.02,7.0,2 Checked Bags,Economy,No,Yes,587,C,No,German,296,Non-Refundable,Yes,1.8
Lufthansa,LU8750,New York (JFK),Chicago (ORD),2025-03-23,2025-03-23,06:12:13,13:12:13,533.5,7.0,Oversized Baggage,Business,No,Yes,440,Priority,No,English,67,Non-Refundable,Yes,2.1
American Airlines,AM6523,Los Angeles (LAX),Dallas (DFW),2025-04-30,2025-04-30,06:12:13,08:12:13,1005.6,2.0,1 Checked Bag,Business,No,Yes,2623,D,Yes,German,258,Changeable,No,1.5
Singapore Airlines,SI9791,San Francisco (SFO),Paris (CDG),2025-04-03,2025-04-03,06:12:13,10:12:13,572.52,4.0,Oversized Baggage,Business,Yes,Yes,2811,C,No,Spanish,104,Non-Refundable,Yes,1.3
British Airways,BR9316,Dubai (DXB),London (LHR),2025-03-28,2025-03-28,06:12:13,18:12:13,766.43,12.0,Oversized Baggage,Business,Yes,Yes,4032,A,Yes,English,62,Non-Refundable,No,2.9
Emirates,EM5070,Miami (MIA),San Francisco (SFO),2025-04-25,2025-04-25,06:12:13,11:12:13,210.82,5.0,1 Checked Bag,Economy,No,No,1542,A,No,German,267,Non-Refundable,No,1.0
Air Canada,AI2336,Miami (MIA),Chicago (ORD),2025-04-29,2025-04-29,06:12:13,08:12:13,905.33,2.0,Carry-On Only,Economy,No,No,2822,C,Yes,Spanish,192,Non-Refundable,No,4.9
Emirates,EM2239,Miami (MIA),Tokyo (HND),2025-05-19,2025-05-19,06:12:13,17:12:13,793.49,11.0,1 Checked Bag,Economy,Yes,Yes,4660,D,No,English,230,Refundable,Yes,2.8
British Airways,BR2824,Paris (CDG),London (LHR),2025-05-01,2025-05-01,06:12:13,14:12:13,1697.81,8.0,Oversized Baggage,First Class,No,No,1945,D,Yes,German,289,Changeable,No,1.2
Singapore Airlines,SI6532,San Francisco (SFO),Tokyo (HND),2025-04-01,2025-04-01,06:12:13,18:12:13,957.1,12.0,Oversized Baggage,Economy,Yes,No,2575,D,Yes,French,90,Refundable,Yes,5.0
Air Canada,AI8535,San Francisco (SFO),Toronto (YYZ),2025-04-01,2025-04-01,06:12:13,14:12:13,813.2,8.0,1 Checked Bag,First Class,No,Yes,3067,B,Yes,German,179,Refundable,Yes,3.2
Lufthansa,LU1415,Los Angeles (LAX),Paris (CDG),2025-04-20,2025-04-20,06:12:13,13:12:13,157.55,7.0,Oversized Baggage,Premium Economy,No,No,2219,Priority,Yes,Multilingual,72,Refundable,Yes,4.3
Lufthansa,LU8782,Dubai (DXB),Miami (MIA),2025-04-23,2025-04-23,06:12:13,13:12:13,486.21,7.0,1 Checked Bag,First Class,Yes,No,4452,B,No,English,196,Refundable,Yes,1.1
Lufthansa,LU6457,Berlin (BER),Chicago (ORD),2025-04-11,2025-04-11,06:12:13,15:12:13,292.55,9.0,2 Checked Bags,Economy,Yes,Yes,2575,D,Yes,Spanish,148,Non-Refundable,No,2.9
Delta Air Lines,DE8643,Berlin (BER),Chicago (ORD),2025-04-12,2025-04-12,06:12:13,07:12:13,1957.73,1.0,Carry-On Only,Premium Economy,No,Yes,400,Priority,Yes,Mandarin,190,Flexible Date,Yes,3.4
Delta Air Lines,DE7919,Paris (CDG),Dubai (DXB),2025-04-15,2025-04-15,06:12:13,11:12:13,1454.55,5.0,2 Checked Bags,First Class,No,Yes,4841,Priority,No,English,218,Flexible Date,No,2.0
American Airlines,AM6431,Tokyo (HND),Paris (CDG),2025-04-26,2025-04-26,06:12:13,13:12:13,1419.58,7.0,Carry-On Only,Premium Economy,Yes,Yes,2622,D,Yes,French,252,Non-Refundable,Yes,3.2
Emirates,EM7865,Berlin (BER),Chicago (ORD),2025-04-04,2025-04-04,06:12:13,15:12:13,561.24,9.0,Carry-On Only,First Class,No,Yes,1868,B,Yes,German,240,Non-Refundable,No,3.1
Air Canada,AI3251,Tokyo (HND),London (LHR),2025-03-31,2025-03-31,06:12:13,18:12:13,928.15,12.0,Oversized Baggage,Economy,Yes,No,782,B,Yes,German,200,Refundable,No,3.9
Air Canada,AI7225,Toronto (YYZ),Miami (MIA),2025-04-05,2025-04-05,06:12:13,13:12:13,479.46,7.0,1 Checked Bag,First Class,No,Yes,4053,Priority,Yes,German,131,Changeable,Yes,1.7
Air Canada,AI3192,Paris (CDG),Toronto (YYZ),2025-04-18,2025-04-18,06:12:13,12:12:13,1214.01,6.0,Oversized Baggage,Business,No,Yes,166,D,Yes,French,143,Flexible Date,No,3.9
Lufthansa,LU6751,Los Angeles (LAX),Chicago (ORD),2025-04-13,2025-04-13,06:12:13,11:12:13,1763.2,5.0,Carry-On Only,Business,No,No,3044,D,Yes,French,176,Changeable,No,3.8
Air Canada,AI3972,Dallas (DFW),Paris (CDG),2025-04-18,2025-04-18,06:12:13,12:12:13,970.6,6.0,2 Checked Bags,Economy,No,Yes,4172,D,Yes,German,58,Changeable,Yes,3.6
Emirates,EM2389,Miami (MIA),New York (JFK),2025-04-04,2025-04-04,06:12:13,11:12:13,1456.33,5.0,Carry-On Only,Business,No,No,620,C,Yes,Mandarin,287,Flexible Date,Yes,1.3
Delta Air Lines,DE1655,Chicago (ORD),Paris (CDG),2025-05-08,2025-05-08,06:12:13,08:12:13,1357.86,2.0,1 Checked Bag,Economy,Yes,No,2350,C,No,Mandarin,209,Flexible Date,Yes,2.4
Qatar Airways,QA5782,Toronto (YYZ),Dallas (DFW),2025-05-13,2025-05-13,06:12:13,13:12:13,1267.15,7.0,Carry-On Only,First Class,No,No,1167,D,Yes,Spanish,96,Changeable,Yes,3.3
Air Canada,AI1233,New York (JFK),Toronto (YYZ),2025-04-18,2025-04-18,06:12:13,16:12:13,1103.48,10.0,Carry-On Only,Premium Economy,No,No,4206,D,Yes,German,273,Flexible Date,No,1.8
Singapore Airlines,SI5987,Paris (CDG),San Francisco (SFO),2025-04-23,2025-04-23,06:12:13,18:12:13,1019.9,12.0,1 Checked Bag,Economy,No,No,1234,B,Yes,Mandarin,238,Non-Refundable,Yes,1.0
Singapore Airlines,SI6474,Berlin (BER),Dubai (DXB),2025-04-16,2025-04-16,06:12:13,15:12:13,546.17,9.0,Carry-On Only,Business,Yes,Yes,3158,A,Yes,Spanish,215,Flexible Date,No,1.7
United Airlines,UN4422,Dallas (DFW),San Francisco (SFO),2025-05-06,2025-05-06,06:12:13,13:12:13,845.05,7.0,1 Checked Bag,Business,No,No,4979,Priority,No,Mandarin,66,Non-Refundable,Yes,4.7
British Airways,BR9047,Chicago (ORD),San Francisco (SFO),2025-05-14,2025-05-14,06:12:13,18:12:13,1643.5,12.0,2 Checked Bags,First Class,Yes,Yes,3410,B,No,English,74,Changeable,Yes,3.6
Singapore Airlines,SI1383,Paris (CDG),San Francisco (SFO),2025-03-25,2025-03-25,06:12:13,14:12:13,266.25,8.0,Carry-On Only,Business,Yes,Yes,2973,A,Yes,Mandarin,89,Refundable,Yes,3.7
United Airlines,UN3218,Chicago (ORD),San Francisco (SFO),2025-05-08,2025-05-08,06:12:13,14:12:13,1557.46,8.0,2 Checked Bags,Business,Yes,Yes,1990,A,Yes,German,55,Non-Refundable,Yes,4.4
Emirates,EM9838,Toronto (YYZ),Berlin (BER),2025-05-12,2025-05-12,06:12:13,17:12:13,849.89,11.0,1 Checked Bag,First Class,No,Yes,4239,Priority,No,English,106,Non-Refundable,Yes,4.0
Qatar Airways,QA6265,Toronto (YYZ),London (LHR),2025-05-18,2025-05-18,06:12:13,10:12:13,1957.89,4.0,2 Checked Bags,Premium Economy,Yes,Yes,3978,D,Yes,Mandarin,158,Non-Refundable,No,4.0
Delta Air Lines,DE6070,Miami (MIA),Chicago (ORD),2025-04-27,2025-04-27,06:12:13,13:12:13,660.58,7.0,Oversized Baggage,First Class,Yes,Yes,3699,A,No,German,245,Refundable,Yes,3.0
Delta Air Lines,DE1071,Paris (CDG),Dubai (DXB),2025-05-06,2025-05-06,06:12:13,10:12:13,1899.28,4.0,Oversized Baggage,First Class,Yes,Yes,3664,B,Yes,Multilingual,136,Changeable,No,2.8
Emirates,EM5366,San Francisco (SFO),Dallas (DFW),2025-04-10,2025-04-10,06:12:13,07:12:13,573.15,1.0,1 Checked Bag,Economy,No,No,1025,B,No,German,209,Non-Refundable,No,2.4
Singapore Airlines,SI7999,San Francisco (SFO),Miami (MIA),2025-05-11,2025-05-11,06:12:13,12:12:13,301.12,6.0,Oversized Baggage,Economy,Yes,Yes,3244,C,Yes,Mandarin,265,Flexible Date,No,2.3
Emirates,EM9152,Toronto (YYZ),Berlin (BER),2025-05-08,2025-05-08,06:12:13,14:12:13,1178.93,8.0,1 Checked Bag,Business,No,No,3812,D,No,English,123,Refundable,No,4.1
Delta Air Lines,DE2833,Chicago (ORD),Dallas (DFW),2025-04-23,2025-04-23,06:12:13,18:12:13,1871.1,12.0,1 Checked Bag,Business,Yes,Yes,1971,B,Yes,Spanish,190,Changeable,Yes,1.3
Lufthansa,LU9725,Los Angeles (LAX),Dubai (DXB),2025-04-24,2025-04-24,06:12:13,11:12:13,1394.78,5.0,Carry-On Only,First Class,Yes,Yes,4795,A,No,Spanish,218,Refundable,No,4.4
Qatar Airways,QA7767,Tokyo (HND),Berlin (BER),2025-04-08,2025-04-08,06:12:13,15:12:13,1035.26,9.0,Carry-On Only,First Class,No,Yes,1301,C,Yes,French,139,Changeable,Yes,2.6
Singapore Airlines,SI6427,Dubai (DXB),Los Angeles (LAX),2025-05-13,2025-05-13,06:12:13,17:12:13,1113.54,11.0,Carry-On Only,Business,Yes,No,2739,Priority,No,English,165,Non-Refundable,Yes,2.9
Emirates,EM7414,Paris (CDG),Chicago (ORD),2025-03-31,2025-03-31,06:12:13,07:12:13,1642.0,1.0,Carry-On Only,First Class,Yes,Yes,2273,B,No,French,279,Non-Refundable,Yes,4.8
Southwest Airlines,SO9618,Dallas (DFW),New York (JFK),2025-05-09,2025-05-09,06:12:13,16:12:13,746.66,10.0,1 Checked Bag,Economy,Yes,No,2696,Priority,Yes,English,201,Refundable,Yes,1.6
American Airlines,AM3636,San Francisco (SFO),Dubai (DXB),2025-05-14,2025-05-14,06:12:13,11:12:13,1143.53,5.0,1 Checked Bag,Economy,No,No,3927,B,No,Multilingual,72,Non-Refundable,No,2.9
Qatar Airways,QA9349,New York (JFK),Dallas (DFW),2025-04-10,2025-04-10,06:12:13,08:12:13,772.75,2.0,Carry-On Only,Business,Yes,No,2950,D,Yes,English,156,Refundable,Yes,1.8
Air Canada,AI9583,Tokyo (HND),Chicago (ORD),2025-03-24,2025-03-24,06:12:13,15:12:13,651.32,9.0,1 Checked Bag,Business,Yes,Yes,3452,B,Yes,German,119,Changeable,Yes,1.9
Delta Air Lines,DE4116,Chicago (ORD),Dubai (DXB),2025-05-12,2025-05-12,06:12:13,11:12:13,682.2,5.0,2 Checked Bags,Business,Yes,No,3398,A,Yes,Mandarin,215,Flexible Date,No,2.7
Lufthansa,LU4454,Dallas (DFW),Toronto (YYZ),2025-05-07,2025-05-07,06:12:13,08:12:13,960.83,2.0,2 Checked Bags,Economy,No,No,379,C,Yes,German,276,Changeable,No,4.7
American Airlines,AM1441,Chicago (ORD),San Francisco (SFO),2025-05-07,2025-05-07,06:12:13,08:12:13,703.38,2.0,1 Checked Bag,Premium Economy,No,No,2171,D,No,Multilingual,260,Changeable,No,3.4
British Airways,BR5178,Miami (MIA),Los Angeles (LAX),2025-04-14,2025-04-14,06:12:13,17:12:13,1050.87,11.0,Oversized Baggage,Business,No,Yes,3916,A,Yes,Multilingual,64,Flexible Date,No,3.6
Air Canada,AI7495,London (LHR),Paris (CDG),2025-04-14,2025-04-14,06:12:13,07:12:13,201.6,1.0,Carry-On Only,Premium Economy,Yes,No,4532,B,No,English,157,Non-Refundable,No,4.8
Delta Air Lines,DE794,New York (JFK),Paris (CDG),2025-03-29,2025-03-29,06:12:13,13:12:13,1801.63,7.0,Carry-On Only,Business,Yes,Yes,4312,D,Yes,Spanish,243,Flexible Date,Yes,2.3
Air Canada,AI741,Toronto (YYZ),London (LHR),2025-05-14,2025-05-14,06:12:13,18:12:13,584.81,12.0,2 Checked Bags,Premium Economy,Yes,Yes,2074,D,No,English,298,Refundable,Yes,4.5
British Airways,BR2350,London (LHR),Dallas (DFW),2025-04-20,2025-04-20,06:12:13,09:12:13,413.17,3.0,1 Checked Bag,Premium Economy,Yes,Yes,4669,D,No,English,297,Non-Refundable,Yes,1.3
Delta Air Lines,DE4108,Miami (MIA),Berlin (BER),2025-03-28,2025-03-28,06:12:13,17:12:13,1135.14,11.0,Oversized Baggage,Premium Economy,No,No,1474,C,Yes,Mandarin,213,Refundable,No,4.7
Southwest Airlines,SO3284,Dubai (DXB),Tokyo (HND),2025-03-31,2025-03-31,06:12:13,16:12:13,1592.75,10.0,2 Checked Bags,First Class,Yes,Yes,2139,A,No,Mandarin,212,Refundable,Yes,3.0
Singapore Airlines,SI584,Tokyo (HND),San Francisco (SFO),2025-03-28,2025-03-28,06:12:13,10:12:13,1561.17,4.0,1 Checked Bag,Premium Economy,No,Yes,911,A,Yes,French,141,Refundable,Yes,2.4
Qatar Airways,QA6147,Dallas (DFW),Tokyo (HND),2025-04-28,2025-04-28,06:12:13,08:12:13,1428.66,2.0,2 Checked Bags,Economy,Yes,Yes,1187,Priority,No,Spanish,277,Refundable,No,4.3
Singapore Airlines,SI5535,San Francisco (SFO),Miami (MIA),2025-04-04,2025-04-04,06:12:13,12:12:13,1385.67,6.0,2 Checked Bags,First Class,Yes,Yes,2269,D,Yes,English,256,Flexible Date,No,3.5
British Airways,BR1321,Tokyo (HND),Berlin (BER),2025-05-16,2025-05-16,06:12:13,10:12:13,1889.96,4.0,Carry-On Only,Premium Economy,No,No,3024,B,No,Spanish,202,Non-Refundable,No,4.9
Lufthansa,LU7965,Miami (MIA),Paris (CDG),2025-04-10,2025-04-10,06:12:13,08:12:13,1710.65,2.0,2 Checked Bags,Economy,No,No,1049,A,No,Spanish,156,Refundable,No,1.4
United Airlines,UN4473,Toronto (YYZ),London (LHR),2025-04-05,2025-04-05,06:12:13,08:12:13,1121.04,2.0,2 Checked Bags,Premium Economy,Yes,No,3931,B,Yes,German,261,Non-Refundable,No,5.0
Singapore Airlines,SI1886,San Francisco (SFO),Paris (CDG),2025-04-16,2025-04-16,06:12:13,13:12:13,1339.45,7.0,Carry-On Only,First Class,No,Yes,897,A,No,Multilingual,137,Refundable,No,3.8
Southwest Airlines,SO640,Berlin (BER),New York (JFK),2025-04-18,2025-04-18,06:12:13,16:12:13,1273.87,10.0,1 Checked Bag,First Class,Yes,No,4497,D,Yes,Multilingual,239,Changeable,No,2.8
British Airways,BR2244,Berlin (BER),Chicago (ORD),2025-04-20,2025-04-20,06:12:13,11:12:13,914.71,5.0,1 Checked Bag,First Class,No,No,2658,Priority,Yes,Spanish,120,Changeable,Yes,4.1
Qatar Airways,QA7688,London (LHR),Paris (CDG),2025-04-03,2025-04-03,06:12:13,08:12:13,1779.89,2.0,2 Checked Bags,Business,No,No,897,Priority,Yes,German,158,Changeable,Yes,4.8
American Airlines,AM417,Toronto (YYZ),San Francisco (SFO),2025-05-05,2025-05-05,06:12:13,12:12:13,521.09,6.0,2 Checked Bags,Business,No,Yes,2368,C,No,English,55,Changeable,No,3.9
Southwest Airlines,SO3134,New York (JFK),Tokyo (HND),2025-04-07,2025-04-07,06:12:13,18:12:13,424.91,12.0,Oversized Baggage,Business,No,Yes,1569,C,No,Multilingual,136,Refundable,Yes,4.3
Qatar Airways,QA9363,Paris (CDG),New York (JFK),2025-03-30,2025-03-30,06:12:13,11:12:13,1653.67,5.0,Carry-On Only,Business,Yes,No,4048,A,No,English,254,Non-Refundable,Yes,2.2
Emirates,EM9702,Dubai (DXB),Chicago (ORD),2025-03-28,2025-03-28,06:12:13,13:12:13,791.65,7.0,Oversized Baggage,Business,Yes,No,4281,Priority,Yes,English,114,Refundable,Yes,3.0
Air Canada,AI3737,Miami (MIA),Dubai (DXB),2025-05-09,2025-05-09,06:12:13,17:12:13,209.34,11.0,Carry-On Only,Economy,No,No,382,B,No,Spanish,253,Flexible Date,Yes,4.5
Singapore Airlines,SI7444,Berlin (BER),Chicago (ORD),2025-04-16,2025-04-16,06:12:13,15:12:13,1732.35,9.0,1 Checked Bag,Economy,Yes,No,4440,C,No,English,51,Non-Refundable,No,1.6
Lufthansa,LU4981,Paris (CDG),London (LHR),2025-04-08,2025-04-08,06:12:13,08:12:13,1131.46,2.0,1 Checked Bag,First Class,No,Yes,4248,D,Yes,Multilingual,58,Refundable,Yes,2.1
Southwest Airlines,SO6467,Los Angeles (LAX),New York (JFK),2025-04-06,2025-04-06,06:12:13,11:12:13,1940.2,5.0,2 Checked Bags,Economy,No,Yes,446,C,No,Multilingual,236,Non-Refundable,Yes,1.3
Emirates,EM8505,Dubai (DXB),Los Angeles (LAX),2025-05-18,2025-05-18,06:12:13,18:12:13,1693.51,12.0,2 Checked Bags,Premium Economy,No,No,4394,A,Yes,Mandarin,111,Refundable,No,2.4
Emirates,EM6139,Berlin (BER),New York (JFK),2025-04-27,2025-04-27,06:12:13,13:12:13,511.91,7.0,2 Checked Bags,First Class,No,No,3232,A,Yes,Mandarin,101,Refundable,Yes,2.6
United Airlines,UN8715,Toronto (YYZ),Chicago (ORD),2025-04-06,2025-04-06,06:12:13,15:12:13,1822.38,9.0,Oversized Baggage,First Class,Yes,No,1599,Priority,Yes,Spanish,105,Non-Refundable,No,1.8
United Airlines,UN4297,Dallas (DFW),Paris (CDG),2025-04-28,2025-04-28,06:12:13,15:12:13,1534.9,9.0,Oversized Baggage,First Class,Yes,No,3677,B,Yes,Spanish,247,Changeable,No,2.9
Southwest Airlines,SO4327,Paris (CDG),Toronto (YYZ),2025-03-28,2025-03-28,06:12:13,13:12:13,1254.34,7.0,Oversized Baggage,Business,Yes,Yes,2405,D,No,Mandarin,124,Refundable,Yes,2.8
Southwest Airlines,SO1352,Tokyo (HND),Dallas (DFW),2025-05-05,2025-05-05,06:12:13,11:12:13,727.26,5.0,Oversized Baggage,Economy,Yes,Yes,3396,B,No,Mandarin,282,Changeable,No,1.0
Emirates,EM1922,Los Angeles (LAX),Toronto (YYZ),2025-04-21,2025-04-21,06:12:13,15:12:13,1625.1,9.0,2 Checked Bags,Business,Yes,Yes,4349,D,No,Spanish,140,Refundable,Yes,4.5
American Airlines,AM9587,London (LHR),Berlin (BER),2025-04-16,2025-04-16,06:12:13,12:12:13,1969.68,6.0,Carry-On Only,Premium Economy,Yes,No,3231,D,Yes,French,87,Changeable,No,1.4
Singapore Airlines,SI4336,Los Angeles (LAX),Paris (CDG),2025-05-05,2025-05-05,06:12:13,13:12:13,604.46,7.0,2 Checked Bags,Premium Economy,Yes,No,4669,C,No,German,209,Changeable,Yes,3.5
American Airlines,AM5638,San Francisco (SFO),Berlin (BER),2025-04-04,2025-04-04,06:12:13,14:12:13,325.75,8.0,Carry-On Only,Premium Economy,No,Yes,2341,C,Yes,Spanish,184,Non-Refundable,No,2.6
Qatar Airways,QA3984,Tokyo (HND),Toronto (YYZ),2025-04-18,2025-04-18,06:12:13,13:12:13,1325.39,7.0,2 Checked Bags,First Class,No,No,4739,A,No,English,175,Flexible Date,Yes,1.3
Delta Air Lines,DE1238,London (LHR),Dubai (DXB),2025-05-12,2025-05-12,06:12:13,07:12:13,963.22,1.0,2 Checked Bags,Premium Economy,Yes,No,3891,B,No,Multilingual,84,Refundable,No,2.9
Singapore Airlines,SI3154,London (LHR),Paris (CDG),2025-04-07,2025-04-07,06:12:13,14:12:13,527.82,8.0,Carry-On Only,First Class,No,No,3867,C,Yes,Multilingual,95,Flexible Date,No,1.8
American Airlines,AM1535,Dallas (DFW),London (LHR),2025-04-04,2025-04-04,06:12:13,18:12:13,1470.01,12.0,Carry-On Only,Premium Economy,Yes,No,492,D,Yes,German,123,Flexible Date,No,1.3
Delta Air Lines,DE455,San Francisco (SFO),Paris (CDG),2025-04-18,2025-04-18,06:12:13,12:12:13,533.21,6.0,1 Checked Bag,Business,Yes,No,1937,B,Yes,Spanish,121,Flexible Date,No,3.2
British Airways,BR3435,San Francisco (SFO),London (LHR),2025-03-29,2025-03-29,06:12:13,11:12:13,559.72,5.0,Carry-On Only,Business,No,Yes,386,D,No,Multilingual,280,Flexible Date,No,2.4
Delta Air Lines,DE6271,New York (JFK),Toronto (YYZ),2025-05-11,2025-05-11,06:12:13,16:12:13,600.38,10.0,Oversized Baggage,Economy,Yes,Yes,566,Priority,Yes,French,136,Changeable,No,1.4
Qatar Airways,QA5585,Toronto (YYZ),Miami (MIA),2025-03-26,2025-03-26,06:12:13,08:12:13,1141.47,2.0,Oversized Baggage,Business,No,Yes,681,B,No,French,251,Non-Refundable,Yes,2.6
Air Canada,AI6882,New York (JFK),Dubai (DXB),2025-05-02,2025-05-02,06:12:13,16:12:13,1715.25,10.0,2 Checked Bags,Business,Yes,No,3228,B,Yes,German,216,Non-Refundable,Yes,3.8
Delta Air Lines,DE8501,Dallas (DFW),Chicago (ORD),2025-04-21,2025-04-21,06:12:13,13:12:13,1141.8,7.0,1 Checked Bag,Premium Economy,Yes,Yes,1552,A,Yes,Mandarin,115,Changeable,No,3.9
Singapore Airlines,SI6833,London (LHR),Tokyo (HND),2025-04-07,2025-04-07,06:12:13,14:12:13,1662.36,8.0,Oversized Baggage,Economy,No,Yes,1528,B,Yes,Mandarin,79,Changeable,Yes,2.6
United Airlines,UN4855,Dubai (DXB),Tokyo (HND),2025-03-22,2025-03-22,06:12:13,18:12:13,1343.25,12.0,2 Checked Bags,Premium Economy,Yes,Yes,2914,D,No,French,114,Flexible Date,Yes,3.9
Lufthansa,LU1835,Dallas (DFW),Miami (MIA),2025-05-14,2025-05-14,06:12:13,14:12:13,473.58,8.0,Oversized Baggage,Economy,No,No,2869,D,Yes,French,92,Refundable,Yes,4.8
Singapore Airlines,SI944,Berlin (BER),Paris (CDG),2025-04-08,2025-04-08,06:12:13,14:12:13,541.7,8.0,Carry-On Only,Business,Yes,Yes,2260,Priority,Yes,Multilingual,96,Refundable,No,1.9
Emirates,EM5432,Toronto (YYZ),Tokyo (HND),2025-04-13,2025-04-13,06:12:13,10:12:13,934.79,4.0,1 Checked Bag,Premium Economy,Yes,Yes,2752,D,Yes,German,77,Refundable,Yes,3.0
Singapore Airlines,SI9648,Dallas (DFW),Los Angeles (LAX),2025-05-15,2025-05-15,06:12:13,14:12:13,1203.53,8.0,1 Checked Bag,Business,Yes,No,1538,B,Yes,German,187,Flexible Date,Yes,2.8
British Airways,BR6110,Berlin (BER),Dubai (DXB),2025-04-08,2025-04-08,06:12:13,17:12:13,1706.88,11.0,2 Checked Bags,Economy,No,No,497,C,No,German,180,Changeable,Yes,3.5
Singapore Airlines,SI9710,Los Angeles (LAX),San Francisco (SFO),2025-04-28,2025-04-28,06:12:13,12:12:13,498.12,6.0,Oversized Baggage,First Class,Yes,Yes,3737,D,Yes,English,102,Flexible Date,Yes,2.6
American Airlines,AM3693,Dubai (DXB),Tokyo (HND),2025-05-15,2025-05-15,06:12:13,11:12:13,789.59,5.0,1 Checked Bag,Economy,Yes,No,3178,D,No,English,85,Refundable,Yes,1.5
Lufthansa,LU2107,Miami (MIA),Chicago (ORD),2025-05-05,2025-05-05,06:12:13,09:12:13,594.97,3.0,Carry-On Only,Premium Economy,No,No,4693,Priority,Yes,French,170,Changeable,No,1.1
Air Canada,AI7238,Toronto (YYZ),Dubai (DXB),2025-04-16,2025-04-16,06:12:13,17:12:13,546.22,11.0,Carry-On Only,First Class,No,Yes,1368,C,Yes,Multilingual,249,Refundable,No,3.3
British Airways,BR4776,Paris (CDG),New York (JFK),2025-03-26,2025-03-26,06:12:13,07:12:13,244.65,1.0,Carry-On Only,Premium Economy,No,Yes,3773,C,No,Mandarin,108,Non-Refundable,No,4.6
Emirates,EM2582,Dubai (DXB),Dallas (DFW),2025-05-13,2025-05-13,06:12:13,09:12:13,552.45,3.0,1 Checked Bag,Economy,Yes,No,854,B,Yes,English,67,Non-Refundable,Yes,2.8
United Airlines,UN1366,Berlin (BER),Dubai (DXB),2025-05-02,2025-05-02,06:12:13,18:12:13,150.57,12.0,2 Checked Bags,Economy,No,Yes,3568,C,No,Multilingual,178,Flexible Date,No,4.4
Qatar Airways,QA4593,Dallas (DFW),Toronto (YYZ),2025-03-31,2025-03-31,06:12:13,09:12:13,1568.56,3.0,Oversized Baggage,Economy,Yes,No,2367,A,No,Mandarin,108,Non-Refundable,Yes,3.1
Qatar Airways,QA2878,Miami (MIA),Paris (CDG),2025-04-26,2025-04-26,06:12:13,09:12:13,1143.44,3.0,1 Checked Bag,Premium Economy,Yes,Yes,4624,Priority,No,Multilingual,126,Refundable,Yes,2.8
American Airlines,AM5622,Los Angeles (LAX),London (LHR),2025-05-15,2025-05-15,06:12:13,14:12:13,1916.7,8.0,Carry-On Only,Economy,No,No,3222,D,Yes,Spanish,151,Flexible Date,Yes,2.6
Southwest Airlines,SO5310,Dubai (DXB),London (LHR),2025-05-05,2025-05-05,06:12:13,13:12:13,1656.99,7.0,1 Checked Bag,First Class,Yes,No,1123,D,No,German,145,Changeable,No,1.8
Delta Air Lines,DE2877,London (LHR),Toronto (YYZ),2025-05-10,2025-05-10,06:12:13,09:12:13,1225.85,3.0,Carry-On Only,Business,Yes,Yes,2098,D,No,German,285,Changeable,No,5.0
British Airways,BR6515,San Francisco (SFO),Paris (CDG),2025-04-17,2025-04-17,06:12:13,17:12:13,1859.75,11.0,Oversized Baggage,Business,No,No,4124,Priority,No,Multilingual,209,Refundable,No,3.1
Singapore Airlines,SI5332,Miami (MIA),Tokyo (HND),2025-05-12,2025-05-12,06:12:13,18:12:13,203.29,12.0,Oversized Baggage,Business,Yes,Yes,3214,D,Yes,Mandarin,85,Changeable,No,1.8
Air Canada,AI443,Chicago (ORD),Dubai (DXB),2025-04-22,2025-04-22,06:12:13,09:12:13,1481.57,3.0,2 Checked Bags,Economy,Yes,No,1302,D,Yes,French,201,Non-Refundable,Yes,1.2
Lufthansa,LU7668,Dallas (DFW),Berlin (BER),2025-05-20,2025-05-20,06:12:13,10:12:13,1005.65,4.0,Carry-On Only,Business,Yes,Yes,4975,Priority,Yes,Spanish,237,Non-Refundable,Yes,1.8
Southwest Airlines,SO9061,Los Angeles (LAX),Miami (MIA),2025-04-06,2025-04-06,06:12:13,17:12:13,978.26,11.0,Carry-On Only,Premium Economy,No,No,4078,Priority,No,French,99,Non-Refundable,No,3.7
Delta Air Lines,DE9454,New York (JFK),Tokyo (HND),2025-05-05,2025-05-05,06:12:13,13:12:13,379.14,7.0,Oversized Baggage,Economy,No,Yes,1255,A,Yes,Mandarin,291,Flexible Date,No,1.4
United Airlines,UN2131,Paris (CDG),Chicago (ORD),2025-05-02,2025-05-02,06:12:13,17:12:13,369.43,11.0,Carry-On Only,Economy,No,Yes,1651,C,Yes,Multilingual,131,Flexible Date,Yes,1.9
Air Canada,AI521,Chicago (ORD),Dubai (DXB),2025-05-02,2025-05-02,06:12:13,18:12:13,167.73,12.0,1 Checked Bag,Business,Yes,Yes,187,B,No,German,299,Flexible Date,No,4.3
Air Canada,AI893,San Francisco (SFO),Berlin (BER),2025-04-10,2025-04-10,06:12:13,11:12:13,496.76,5.0,1 Checked Bag,Business,Yes,Yes,408,A,No,Multilingual,172,Non-Refundable,Yes,1.3
American Airlines,AM4398,Berlin (BER),New York (JFK),2025-04-08,2025-04-08,06:12:13,18:12:13,1542.81,12.0,2 Checked Bags,Economy,No,No,4934,Priority,Yes,English,61,Non-Refundable,Yes,3.0
United Airlines,UN8852,Paris (CDG),New York (JFK),2025-05-01,2025-05-01,06:12:13,08:12:13,759.14,2.0,Carry-On Only,First Class,No,No,4192,C,Yes,Mandarin,115,Flexible Date,No,4.2
Delta Air Lines,DE2698,Berlin (BER),Tokyo (HND),2025-03-29,2025-03-29,06:12:13,11:12:13,1675.82,5.0,2 Checked Bags,Business,Yes,No,1779,A,Yes,Spanish,52,Non-Refundable,Yes,2.4
American Airlines,AM4805,Los Angeles (LAX),Tokyo (HND),2025-05-18,2025-05-18,06:12:13,18:12:13,966.01,12.0,Carry-On Only,Premium Economy,Yes,Yes,4881,A,No,Multilingual,243,Changeable,No,1.9
Emirates,EM8989,Tokyo (HND),Paris (CDG),2025-04-05,2025-04-05,06:12:13,17:12:13,1320.16,11.0,Carry-On Only,Economy,No,Yes,364,Priority,Yes,German,204,Refundable,No,1.5
Qatar Airways,QA5335,Dubai (DXB),Dallas (DFW),2025-05-05,2025-05-05,06:12:13,18:12:13,263.96,12.0,2 Checked Bags,First Class,Yes,No,1768,Priority,No,German,249,Flexible Date,Yes,4.6
Emirates,EM4405,Dubai (DXB),Miami (MIA),2025-05-08,2025-05-08,06:12:13,07:12:13,1012.85,1.0,Oversized Baggage,First Class,No,No,3681,A,No,Mandarin,269,Flexible Date,Yes,4.7
Qatar Airways,QA8956,Paris (CDG),San Francisco (SFO),2025-04-16,2025-04-16,06:12:13,12:12:13,346.68,6.0,Carry-On Only,Premium Economy,No,Yes,4551,B,Yes,Mandarin,55,Flexible Date,No,1.4
Lufthansa,LU4864,London (LHR),New York (JFK),2025-04-06,2025-04-06,06:12:13,09:12:13,1798.3,3.0,Oversized Baggage,First Class,Yes,Yes,437,Priority,No,German,246,Flexible Date,No,3.9
Singapore Airlines,SI5377,Paris (CDG),Los Angeles (LAX),2025-05-20,2025-05-20,06:12:13,10:12:13,1529.68,4.0,1 Checked Bag,Premium Economy,No,No,2589,Priority,Yes,German,82,Non-Refundable,No,1.9
Air Canada,AI4310,Dubai (DXB),London (LHR),2025-04-24,2025-04-24,06:12:13,14:12:13,839.04,8.0,Oversized Baggage,Economy,No,Yes,118,A,No,Spanish,160,Flexible Date,No,2.9
United Airlines,UN3907,Paris (CDG),San Francisco (SFO),2025-03-30,2025-03-30,06:12:13,09:12:13,1625.07,3.0,Carry-On Only,Business,No,Yes,1505,D,Yes,Spanish,262,Flexible Date,No,4.8
Air Canada,AI670,Miami (MIA),Dallas (DFW),2025-04-11,2025-04-11,06:12:13,15:12:13,996.61,9.0,Carry-On Only,Economy,Yes,No,4291,D,Yes,French,130,Flexible Date,Yes,3.6
American Airlines,AM6233,Chicago (ORD),London (LHR),2025-05-04,2025-05-04,06:12:13,07:12:13,927.03,1.0,Carry-On Only,Business,Yes,No,2280,C,No,French,211,Changeable,No,2.3
British Airways,BR969,San Francisco (SFO),Miami (MIA),2025-04-09,2025-04-09,06:12:13,07:12:13,322.29,1.0,Oversized Baggage,First Class,No,No,2629,D,Yes,Mandarin,225,Changeable,Yes,1.8
Southwest Airlines,SO4803,London (LHR),Toronto (YYZ),2025-05-20,2025-05-20,06:12:13,11:12:13,685.01,5.0,Oversized Baggage,Business,No,No,1288,C,Yes,Multilingual,67,Refundable,Yes,3.8
Delta Air Lines,DE4891,New York (JFK),Dubai (DXB),2025-03-23,2025-03-23,06:12:13,13:12:13,1784.87,7.0,2 Checked Bags,Premium Economy,Yes,No,1672,D,No,Spanish,288,Refundable,No,1.4
American Airlines,AM5008,Tokyo (HND),Dubai (DXB),2025-03-25,2025-03-25,06:12:13,18:12:13,646.05,12.0,2 Checked Bags,Economy,No,Yes,4050,C,No,Mandarin,267,Flexible Date,Yes,4.7
Southwest Airlines,SO9848,Miami (MIA),Chicago (ORD),2025-05-17,2025-05-17,06:12:13,14:12:13,254.62,8.0,Oversized Baggage,Business,No,No,1271,A,Yes,Multilingual,63,Flexible Date,No,1.9
United Airlines,UN800,Dallas (DFW),New York (JFK),2025-05-06,2025-05-06,06:12:13,15:12:13,1886.28,9.0,Carry-On Only,First Class,Yes,No,977,A,No,German,78,Changeable,Yes,1.1
Air Canada,AI1077,Berlin (BER),Paris (CDG),2025-05-20,2025-05-20,06:12:13,16:12:13,1346.43,10.0,Oversized Baggage,First Class,Yes,Yes,1055,D,Yes,Spanish,92,Flexible Date,No,4.0
American Airlines,AM7551,Berlin (BER),Dallas (DFW),2025-05-17,2025-05-17,06:12:13,09:12:13,309.27,3.0,Carry-On Only,Premium Economy,Yes,Yes,2628,A,Yes,English,81,Refundable,No,2.7
Singapore Airlines,SI395,London (LHR),Toronto (YYZ),2025-05-09,2025-05-09,06:12:13,08:12:13,1870.09,2.0,2 Checked Bags,First Class,No,Yes,238,D,No,Mandarin,153,Refundable,No,5.0
Southwest Airlines,SO861,Berlin (BER),Paris (CDG),2025-05-20,2025-05-20,06:12:13,18:12:13,1467.81,12.0,2 Checked Bags,Business,Yes,Yes,1707,C,Yes,German,254,Flexible Date,Yes,4.4
Air Canada,AI9605,Paris (CDG),Dubai (DXB),2025-03-24,2025-03-24,06:12:13,13:12:13,559.6,7.0,1 Checked Bag,Economy,Yes,Yes,526,D,Yes,English,127,Refundable,No,1.2
Air Canada,AI3715,San Francisco (SFO),Dubai (DXB),2025-04-27,2025-04-27,06:12:13,10:12:13,1523.3,4.0,1 Checked Bag,First Class,Yes,Yes,3735,Priority,No,Mandarin,94,Changeable,No,2.0
Delta Air Lines,DE222,Los Angeles (LAX),Toronto (YYZ),2025-05-16,2025-05-16,06:12:13,11:12:13,1241.83,5.0,Carry-On Only,Economy,No,Yes,4184,D,No,Mandarin,252,Changeable,Yes,4.7
British Airways,BR1331,London (LHR),Chicago (ORD),2025-05-08,2025-05-08,06:12:13,09:12:13,1915.65,3.0,Carry-On Only,First Class,No,No,124,D,No,English,249,Changeable,Yes,4.3
Emirates,EM6826,Chicago (ORD),Paris (CDG),2025-05-15,2025-05-15,06:12:13,12:12:13,865.26,6.0,Carry-On Only,First Class,Yes,No,155,B,No,French,126,Changeable,Yes,3.4
American Airlines,AM7617,San Francisco (SFO),Toronto (YYZ),2025-04-27,2025-04-27,06:12:13,17:12:13,1260.29,11.0,2 Checked Bags,Economy,No,No,1954,Priority,No,German,128,Flexible Date,Yes,2.6
Air Canada,AI3837,San Francisco (SFO),Miami (MIA),2025-04-29,2025-04-29,06:12:13,17:12:13,1948.02,11.0,Oversized Baggage,Business,Yes,Yes,4347,D,No,German,192,Non-Refundable,Yes,4.6
Qatar Airways,QA294,Berlin (BER),Dallas (DFW),2025-05-17,2025-05-17,06:12:13,16:12:13,1812.4,10.0,Oversized Baggage,Economy,Yes,No,3793,A,Yes,French,102,Refundable,Yes,2.8
Emirates,EM6182,Chicago (ORD),Tokyo (HND),2025-04-12,2025-04-12,06:12:13,12:12:13,657.76,6.0,Carry-On Only,Business,No,Yes,650,D,No,Spanish,222,Flexible Date,Yes,4.7
Singapore Airlines,SI7968,Dubai (DXB),Dallas (DFW),2025-04-13,2025-04-13,06:12:13,10:12:13,154.34,4.0,1 Checked Bag,Economy,No,No,2901,A,No,Mandarin,266,Non-Refundable,No,3.6
Qatar Airways,QA2233,Tokyo (HND),Los Angeles (LAX),2025-05-07,2025-05-07,06:12:13,16:12:13,565.77,10.0,2 Checked Bags,Economy,Yes,No,1944,C,No,Spanish,226,Changeable,No,2.6
Singapore Airlines,SI9119,Miami (MIA),Paris (CDG),2025-03-26,2025-03-26,06:12:13,08:12:13,659.75,2.0,1 Checked Bag,Business,No,No,2813,B,Yes,German,225,Changeable,Yes,2.9
Emirates,EM8081,San Francisco (SFO),Berlin (BER),2025-04-14,2025-04-14,06:12:13,09:12:13,1543.4,3.0,2 Checked Bags,Premium Economy,Yes,No,4000,A,Yes,Multilingual,298,Flexible Date,Yes,3.2
Lufthansa,LU6967,Paris (CDG),Miami (MIA),2025-05-02,2025-05-02,06:12:13,07:12:13,1380.03,1.0,2 Checked Bags,First Class,Yes,No,4666,C,Yes,German,182,Flexible Date,No,2.8
Southwest Airlines,SO8257,Miami (MIA),Los Angeles (LAX),2025-05-04,2025-05-04,06:12:13,11:12:13,342.66,5.0,2 Checked Bags,Premium Economy,Yes,No,2026,A,Yes,Multilingual,61,Non-Refundable,Yes,1.2
American Airlines,AM9101,Berlin (BER),Chicago (ORD),2025-04-23,2025-04-23,06:12:13,09:12:13,1331.44,3.0,2 Checked Bags,Economy,Yes,No,1718,Priority,Yes,German,237,Refundable,No,1.4
Delta Air Lines,DE1282,Berlin (BER),Miami (MIA),2025-04-12,2025-04-12,06:12:13,16:12:13,1901.82,10.0,2 Checked Bags,Economy,No,Yes,2553,D,No,Spanish,284,Non-Refundable,No,4.7
British Airways,BR5933,London (LHR),Toronto (YYZ),2025-05-20,2025-05-20,06:12:13,14:12:13,1223.74,8.0,Carry-On Only,First Class,Yes,No,1517,B,No,French,176,Flexible Date,Yes,4.3
Air Canada,AI8796,Paris (CDG),New York (JFK),2025-04-17,2025-04-17,06:12:13,14:12:13,1297.73,8.0,1 Checked Bag,First Class,Yes,No,1376,Priority,Yes,French,202,Non-Refundable,Yes,1.7
British Airways,BR9414,Chicago (ORD),Berlin (BER),2025-04-02,2025-04-02,06:12:13,16:12:13,395.88,10.0,Carry-On Only,Business,No,No,1730,Priority,No,Mandarin,240,Flexible Date,Yes,3.3
Singapore Airlines,SI5384,New York (JFK),Chicago (ORD),2025-04-08,2025-04-08,06:12:13,15:12:13,269.71,9.0,1 Checked Bag,Premium Economy,No,No,980,D,Yes,Spanish,290,Refundable,Yes,3.1
British Airways,BR1997,London (LHR),San Francisco (SFO),2025-05-09,2025-05-09,06:12:13,07:12:13,527.25,1.0,Carry-On Only,Business,Yes,Yes,1885,B,Yes,English,133,Non-Refundable,No,1.8
Southwest Airlines,SO5180,Chicago (ORD),Dallas (DFW),2025-05-20,2025-05-20,06:12:13,15:12:13,663.13,9.0,Carry-On Only,First Class,No,Yes,4045,B,No,Multilingual,149,Flexible Date,Yes,3.1
Singapore Airlines,SI2160,Dallas (DFW),Chicago (ORD),2025-04-04,2025-04-04,06:12:13,07:12:13,349.61,1.0,2 Checked Bags,Business,Yes,No,2996,Priority,Yes,German,64,Changeable,Yes,4.0
Emirates,EM2770,Miami (MIA),Paris (CDG),2025-05-11,2025-05-11,06:12:13,12:12:13,1953.25,6.0,1 Checked Bag,Business,Yes,Yes,2898,A,No,Spanish,193,Refundable,Yes,4.0
American Airlines,AM2208,New York (JFK),London (LHR),2025-03-29,2025-03-29,06:12:13,15:12:13,347.67,9.0,1 Checked Bag,Premium Economy,No,No,2661,B,Yes,German,169,Refundable,Yes,3.5
Lufthansa,LU4564,Toronto (YYZ),Dubai (DXB),2025-04-14,2025-04-14,06:12:13,15:12:13,708.83,9.0,2 Checked Bags,Premium Economy,Yes,Yes,1516,A,No,Mandarin,275,Changeable,Yes,3.4
Singapore Airlines,SI4435,Tokyo (HND),Dubai (DXB),2025-03-26,2025-03-26,06:12:13,08:12:13,640.47,2.0,2 Checked Bags,First Class,Yes,Yes,4269,C,Yes,Multilingual,274,Changeable,Yes,2.4
American Airlines,AM962,Miami (MIA),Tokyo (HND),2025-04-10,2025-04-10,06:12:13,15:12:13,302.64,9.0,1 Checked Bag,Business,Yes,No,3013,C,Yes,French,218,Non-Refundable,Yes,3.9
Singapore Airlines,SI5181,Chicago (ORD),Los Angeles (LAX),2025-03-25,2025-03-25,06:12:13,16:12:13,528.64,10.0,Carry-On Only,Economy,No,No,1183,A,Yes,Mandarin,129,Non-Refundable,No,3.7
Air Canada,AI8889,San Francisco (SFO),Paris (CDG),2025-04-29,2025-04-29,06:12:13,12:12:13,1858.79,6.0,Oversized Baggage,Business,No,Yes,1506,B,No,Spanish,259,Non-Refundable,No,3.8
Qatar Airways,QA3391,Dallas (DFW),San Francisco (SFO),2025-03-30,2025-03-30,06:12:13,12:12:13,152.91,6.0,2 Checked Bags,Premium Economy,Yes,Yes,269,D,No,English,67,Changeable,No,4.5
Delta Air Lines,DE4292,Paris (CDG),New York (JFK),2025-03-26,2025-03-26,06:12:13,09:12:13,1549.14,3.0,1 Checked Bag,Business,Yes,No,4934,D,No,French,166,Refundable,Yes,3.9
Air Canada,AI7928,San Francisco (SFO),Chicago (ORD),2025-03-25,2025-03-25,06:12:13,10:12:13,1768.63,4.0,2 Checked Bags,Business,Yes,Yes,436,D,Yes,French,267,Non-Refundable,Yes,2.7
Qatar Airways,QA3252,Tokyo (HND),San Francisco (SFO),2025-04-29,2025-04-29,06:12:13,13:12:13,664.46,7.0,Oversized Baggage,First Class,Yes,Yes,3786,D,Yes,Spanish,293,Changeable,No,4.3
United Airlines,UN5711,Tokyo (HND),Dubai (DXB),2025-04-02,2025-04-02,06:12:13,07:12:13,747.46,1.0,Oversized Baggage,First Class,No,No,2164,B,Yes,English,227,Flexible Date,Yes,4.7
Air Canada,AI569,London (LHR),Chicago (ORD),2025-04-26,2025-04-26,06:12:13,12:12:13,449.25,6.0,Carry-On Only,First Class,Yes,Yes,2193,A,No,Multilingual,118,Refundable,Yes,3.7
Air Canada,AI2866,London (LHR),Toronto (YYZ),2025-04-12,2025-04-12,06:12:13,11:12:13,323.09,5.0,Oversized Baggage,Economy,Yes,Yes,1890,B,Yes,French,231,Flexible Date,Yes,1.4
Singapore Airlines,SI3617,Miami (MIA),Chicago (ORD),2025-03-27,2025-03-27,06:12:13,15:12:13,1607.24,9.0,2 Checked Bags,First Class,Yes,No,1216,B,No,English,279,Refundable,No,4.5
British Airways,BR3137,London (LHR),Toronto (YYZ),2025-05-19,2025-05-19,06:12:13,15:12:13,1092.42,9.0,1 Checked Bag,Business,No,No,4023,Priority,Yes,French,131,Refundable,Yes,3.9
Air Canada,AI1749,Los Angeles (LAX),Miami (MIA),2025-05-08,2025-05-08,06:12:13,12:12:13,254.07,6.0,1 Checked Bag,Business,Yes,No,4239,B,Yes,Mandarin,107,Flexible Date,No,4.5
British Airways,BR9084,Paris (CDG),London (LHR),2025-05-03,2025-05-03,06:12:13,18:12:13,1583.13,12.0,1 Checked Bag,Business,No,Yes,3141,D,No,English,215,Changeable,Yes,2.4
American Airlines,AM6308,Miami (MIA),New York (JFK),2025-03-23,2025-03-23,06:12:13,07:12:13,485.18,1.0,Carry-On Only,Premium Economy,No,Yes,3251,B,Yes,French,120,Changeable,Yes,2.4
Air Canada,AI4498,Dallas (DFW),Dubai (DXB),2025-04-06,2025-04-06,06:12:13,08:12:13,1316.83,2.0,2 Checked Bags,Business,No,Yes,1607,B,Yes,Spanish,275,Changeable,No,1.4
American Airlines,AM9762,Chicago (ORD),London (LHR),2025-03-25,2025-03-25,06:12:13,11:12:13,522.79,5.0,Oversized Baggage,Premium Economy,Yes,Yes,4528,Priority,Yes,Spanish,194,Non-Refundable,No,1.2
Delta Air Lines,DE6127,Berlin (BER),Toronto (YYZ),2025-04-19,2025-04-19,06:12:13,18:12:13,985.44,12.0,Carry-On Only,First Class,Yes,No,3291,Priority,No,English,223,Non-Refundable,Yes,4.9
American Airlines,AM3049,Toronto (YYZ),Berlin (BER),2025-04-28,2025-04-28,06:12:13,11:12:13,1022.09,5.0,Oversized Baggage,First Class,No,Yes,1584,C,No,English,72,Flexible Date,No,3.1
United Airlines,UN9099,Tokyo (HND),London (LHR),2025-05-02,2025-05-02,06:12:13,14:12:13,598.26,8.0,2 Checked Bags,Economy,No,No,4171,Priority,Yes,German,109,Refundable,No,2.2
American Airlines,AM2216,Tokyo (HND),San Francisco (SFO),2025-03-24,2025-03-24,06:12:13,13:12:13,687.01,7.0,Oversized Baggage,First Class,No,Yes,4217,Priority,Yes,Spanish,226,Non-Refundable,Yes,4.4
Qatar Airways,QA9639,Paris (CDG),Berlin (BER),2025-05-14,2025-05-14,06:12:13,14:12:13,1957.73,8.0,2 Checked Bags,Business,Yes,Yes,1266,B,Yes,Multilingual,257,Changeable,Yes,2.5
Delta Air Lines,DE7039,Miami (MIA),Dallas (DFW),2025-04-01,2025-04-01,06:12:13,14:12:13,1580.28,8.0,Carry-On Only,Premium Economy,No,No,1659,C,Yes,French,85,Non-Refundable,Yes,3.4
American Airlines,AM5600,Dubai (DXB),Dallas (DFW),2025-03-28,2025-03-28,06:12:13,10:12:13,309.19,4.0,Oversized Baggage,Premium Economy,No,No,4114,C,No,English,139,Flexible Date,No,2.0
Air Canada,AI6317,Chicago (ORD),Tokyo (HND),2025-04-11,2025-04-11,06:12:13,07:12:13,385.41,1.0,Carry-On Only,Premium Economy,No,Yes,4012,B,Yes,Spanish,247,Changeable,Yes,2.0
Lufthansa,LU7996,San Francisco (SFO),New York (JFK),2025-03-30,2025-03-30,06:12:13,15:12:13,1354.38,9.0,2 Checked Bags,Business,Yes,Yes,4069,A,Yes,Mandarin,85,Flexible Date,Yes,4.4
Southwest Airlines,SO9435,Toronto (YYZ),San Francisco (SFO),2025-04-20,2025-04-20,06:12:13,16:12:13,1128.98,10.0,1 Checked Bag,Economy,Yes,No,2234,Priority,No,French,59,Changeable,Yes,1.0
Southwest Airlines,SO9042,Dallas (DFW),Tokyo (HND),2025-04-08,2025-04-08,06:12:13,17:12:13,173.04,11.0,2 Checked Bags,Economy,No,No,3814,B,Yes,Multilingual,146,Changeable,Yes,3.1
Delta Air Lines,DE2074,Dallas (DFW),San Francisco (SFO),2025-04-11,2025-04-11,06:12:13,12:12:13,698.36,6.0,Carry-On Only,Economy,No,No,2082,Priority,No,Multilingual,256,Changeable,No,3.5
Singapore Airlines,SI1592,Toronto (YYZ),Dallas (DFW),2025-03-26,2025-03-26,06:12:13,14:12:13,1376.34,8.0,Carry-On Only,Economy,Yes,Yes,4509,Priority,No,Mandarin,75,Flexible Date,No,2.2
American Airlines,AM4556,Dubai (DXB),Berlin (BER),2025-03-22,2025-03-22,06:12:13,13:12:13,1511.96,7.0,1 Checked Bag,Business,No,Yes,2517,B,Yes,Mandarin,83,Changeable,No,4.6
Singapore Airlines,SI6287,Toronto (YYZ),Tokyo (HND),2025-04-21,2025-04-21,06:12:13,11:12:13,1479.79,5.0,1 Checked Bag,Economy,No,Yes,3868,B,No,Mandarin,164,Refundable,Yes,2.0
British Airways,BR423,Tokyo (HND),Los Angeles (LAX),2025-04-09,2025-04-09,06:12:13,11:12:13,598.68,5.0,Carry-On Only,Business,Yes,No,1312,D,Yes,English,244,Changeable,No,3.8
British Airways,BR6905,Toronto (YYZ),Berlin (BER),2025-04-12,2025-04-12,06:12:13,10:12:13,1367.02,4.0,2 Checked Bags,Economy,No,Yes,2009,Priority,No,French,195,Flexible Date,Yes,3.3
Emirates,EM6936,Toronto (YYZ),Berlin (BER),2025-04-26,2025-04-26,06:12:13,18:12:13,369.58,12.0,Oversized Baggage,Premium Economy,Yes,Yes,2788,Priority,Yes,German,267,Changeable,No,3.1
Lufthansa,LU8150,Chicago (ORD),Tokyo (HND),2025-05-19,2025-05-19,06:12:13,12:12:13,1110.72,6.0,1 Checked Bag,Business,Yes,No,1425,D,Yes,Spanish,77,Changeable,Yes,4.7
Southwest Airlines,SO9890,Los Angeles (LAX),Dubai (DXB),2025-03-23,2025-03-23,06:12:13,18:12:13,1657.19,12.0,Oversized Baggage,First Class,No,No,3161,A,No,Mandarin,139,Non-Refundable,Yes,3.2
United Airlines,UN9945,Paris (CDG),London (LHR),2025-05-11,2025-05-11,06:12:13,11:12:13,770.84,5.0,Carry-On Only,First Class,No,No,2856,D,No,Mandarin,264,Flexible Date,Yes,3.5
Southwest Airlines,SO7093,Chicago (ORD),Toronto (YYZ),2025-05-05,2025-05-05,06:12:13,10:12:13,582.89,4.0,Oversized Baggage,Economy,Yes,Yes,2763,D,No,Multilingual,187,Flexible Date,Yes,4.7
Singapore Airlines,SI7168,New York (JFK),Paris (CDG),2025-03-28,2025-03-28,06:12:13,12:12:13,1031.98,6.0,2 Checked Bags,Economy,Yes,Yes,4768,A,No,German,282,Refundable,Yes,4.7
United Airlines,UN5636,New York (JFK),San Francisco (SFO),2025-04-15,2025-04-15,06:12:13,08:12:13,1314.57,2.0,Oversized Baggage,Business,Yes,No,150,D,No,Multilingual,299,Refundable,No,2.4
Lufthansa,LU5813,Chicago (ORD),Toronto (YYZ),2025-05-07,2025-05-07,06:12:13,14:12:13,377.62,8.0,2 Checked Bags,Business,Yes,No,1652,D,No,Spanish,258,Non-Refundable,No,4.4
United Airlines,UN3413,Los Angeles (LAX),Tokyo (HND),2025-05-10,2025-05-10,06:12:13,10:12:13,1800.81,4.0,2 Checked Bags,First Class,Yes,No,343,D,Yes,French,242,Changeable,No,2.3
Qatar Airways,QA4218,New York (JFK),Paris (CDG),2025-04-12,2025-04-12,06:12:13,09:12:13,188.82,3.0,Oversized Baggage,First Class,Yes,No,1797,Priority,No,Spanish,95,Non-Refundable,Yes,3.6
Southwest Airlines,SO4099,Berlin (BER),Chicago (ORD),2025-04-15,2025-04-15,06:12:13,09:12:13,1477.51,3.0,2 Checked Bags,Premium Economy,Yes,Yes,211,B,No,French,287,Flexible Date,Yes,3.4
Air Canada,AI9469,Dallas (DFW),London (LHR),2025-04-23,2025-04-23,06:12:13,11:12:13,1092.96,5.0,Oversized Baggage,Premium Economy,Yes,No,1168,B,No,German,144,Flexible Date,Yes,2.5
United Airlines,UN5888,Miami (MIA),New York (JFK),2025-04-28,2025-04-28,06:12:13,11:12:13,818.46,5.0,2 Checked Bags,Premium Economy,No,No,2891,C,No,Mandarin,187,Changeable,No,2.4
United Airlines,UN8418,Los Angeles (LAX),Paris (CDG),2025-04-06,2025-04-06,06:12:13,13:12:13,940.33,7.0,1 Checked Bag,Business,Yes,Yes,1155,B,No,Mandarin,139,Flexible Date,No,1.4
British Airways,BR4489,London (LHR),Paris (CDG),2025-04-06,2025-04-06,06:12:13,11:12:13,409.48,5.0,2 Checked Bags,First Class,Yes,No,2462,D,Yes,French,163,Flexible Date,No,2.4
British Airways,BR8133,London (LHR),Dubai (DXB),2025-03-26,2025-03-26,06:12:13,09:12:13,350.77,3.0,1 Checked Bag,Premium Economy,No,No,1960,A,No,Multilingual,244,Non-Refundable,Yes,1.2
Air Canada,AI9099,Paris (CDG),Chicago (ORD),2025-04-26,2025-04-26,06:12:13,13:12:13,1553.44,7.0,2 Checked Bags,Business,No,No,3349,Priority,Yes,Spanish,202,Non-Refundable,Yes,3.7
Singapore Airlines,SI4792,Berlin (BER),Los Angeles (LAX),2025-05-07,2025-05-07,06:12:13,11:12:13,1222.99,5.0,1 Checked Bag,First Class,No,No,2061,C,No,Spanish,76,Non-Refundable,Yes,4.2
Delta Air Lines,DE2285,Paris (CDG),New York (JFK),2025-05-15,2025-05-15,06:12:13,15:12:13,320.32,9.0,Carry-On Only,Economy,No,Yes,326,A,Yes,Mandarin,57,Flexible Date,No,2.2
British Airways,BR7979,Los Angeles (LAX),Paris (CDG),2025-04-14,2025-04-14,06:12:13,07:12:13,644.54,1.0,Carry-On Only,Premium Economy,Yes,No,1319,D,Yes,English,106,Refundable,Yes,1.0
British Airways,BR2281,San Francisco (SFO),London (LHR),2025-05-18,2025-05-18,06:12:13,18:12:13,1591.67,12.0,Carry-On Only,First Class,Yes,Yes,1903,C,No,French,90,Changeable,Yes,1.5
British Airways,BR1650,New York (JFK),Dubai (DXB),2025-04-02,2025-04-02,06:12:13,12:12:13,636.07,6.0,1 Checked Bag,Economy,No,Yes,218,D,No,English,185,Flexible Date,No,4.0
Qatar Airways,QA3985,Dallas (DFW),Tokyo (HND),2025-04-04,2025-04-04,06:12:13,07:12:13,1436.1,1.0,Carry-On Only,Economy,Yes,Yes,2939,D,No,Spanish,269,Flexible Date,No,2.8
Singapore Airlines,SI1765,Chicago (ORD),Paris (CDG),2025-05-03,2025-05-03,06:12:13,08:12:13,1865.95,2.0,Carry-On Only,Business,No,Yes,953,B,Yes,English,127,Changeable,Yes,3.9
United Airlines,UN2345,Dallas (DFW),San Francisco (SFO),2025-04-09,2025-04-09,06:12:13,17:12:13,1195.79,11.0,1 Checked Bag,Economy,Yes,No,3507,B,Yes,English,208,Flexible Date,No,3.3
Delta Air Lines,DE2317,Tokyo (HND),Dubai (DXB),2025-04-23,2025-04-23,06:12:13,10:12:13,216.72,4.0,2 Checked Bags,First Class,No,Yes,4523,Priority,Yes,German,264,Non-Refundable,Yes,3.8
Qatar Airways,QA9695,Dallas (DFW),New York (JFK),2025-04-11,2025-04-11,06:12:13,12:12:13,515.38,6.0,1 Checked Bag,Business,Yes,No,4911,A,Yes,English,192,Refundable,No,3.0
American Airlines,AM7890,Berlin (BER),Dallas (DFW),2025-04-07,2025-04-07,06:12:13,13:12:13,969.29,7.0,Oversized Baggage,Business,Yes,No,4218,Priority,No,French,77,Refundable,Yes,3.9
British Airways,BR2217,San Francisco (SFO),Toronto (YYZ),2025-05-04,2025-05-04,06:12:13,15:12:13,657.01,9.0,1 Checked Bag,Business,Yes,No,2680,D,Yes,Spanish,201,Non-Refundable,No,1.3
Lufthansa,LU7882,Tokyo (HND),Dallas (DFW),2025-04-25,2025-04-25,06:12:13,16:12:13,1521.21,10.0,1 Checked Bag,Business,Yes,No,3218,Priority,No,English,61,Changeable,Yes,3.8
British Airways,BR415,Dubai (DXB),Miami (MIA),2025-04-16,2025-04-16,06:12:13,07:12:13,561.4,1.0,2 Checked Bags,Economy,No,Yes,4666,A,Yes,Mandarin,149,Changeable,No,2.5
United Airlines,UN1143,London (LHR),Berlin (BER),2025-03-29,2025-03-29,06:12:13,08:12:13,1566.04,2.0,2 Checked Bags,Premium Economy,No,No,820,A,No,Multilingual,62,Flexible Date,Yes,1.1
Southwest Airlines,SO4602,Dallas (DFW),Tokyo (HND),2025-04-21,2025-04-21,06:12:13,18:12:13,1346.76,12.0,Carry-On Only,First Class,No,No,3046,A,Yes,English,147,Changeable,No,1.9
Delta Air Lines,DE9963,New York (JFK),San Francisco (SFO),2025-04-26,2025-04-26,06:12:13,07:12:13,1986.58,1.0,1 Checked Bag,First Class,No,No,3307,B,No,French,192,Non-Refundable,Yes,4.8
United Airlines,UN3385,Los Angeles (LAX),Dubai (DXB),2025-05-09,2025-05-09,06:12:13,16:12:13,888.04,10.0,Carry-On Only,Premium Economy,No,No,3869,Priority,No,French,123,Non-Refundable,No,3.3
Singapore Airlines,SI3322,Dubai (DXB),Paris (CDG),2025-05-13,2025-05-13,06:12:13,10:12:13,291.85,4.0,Carry-On Only,Economy,No,Yes,4609,C,No,Multilingual,201,Refundable,No,3.9
Southwest Airlines,SO1024,Toronto (YYZ),Tokyo (HND),2025-05-06,2025-05-06,06:12:13,16:12:13,1859.21,10.0,1 Checked Bag,Premium Economy,No,No,1935,Priority,Yes,German,170,Refundable,Yes,2.7
United Airlines,UN1271,Miami (MIA),Los Angeles (LAX),2025-05-15,2025-05-15,06:12:13,17:12:13,231.21,11.0,1 Checked Bag,First Class,No,Yes,1967,B,Yes,English,157,Refundable,Yes,5.0
Air Canada,AI9548,New York (JFK),Toronto (YYZ),2025-05-07,2025-05-07,06:12:13,12:12:13,1809.06,6.0,Carry-On Only,Economy,Yes,No,4580,C,No,Multilingual,219,Non-Refundable,No,2.0
Air Canada,AI3382,Berlin (BER),Chicago (ORD),2025-04-14,2025-04-14,06:12:13,10:12:13,190.16,4.0,1 Checked Bag,Economy,No,Yes,1053,A,No,Multilingual,124,Non-Refundable,No,2.0
United Airlines,UN9374,Paris (CDG),London (LHR),2025-04-29,2025-04-29,06:12:13,11:12:13,854.23,5.0,2 Checked Bags,Premium Economy,Yes,Yes,1739,B,No,French,132,Flexible Date,Yes,1.7
American Airlines,AM327,Paris (CDG),Toronto (YYZ),2025-04-05,2025-04-05,06:12:13,12:12:13,1537.26,6.0,1 Checked Bag,First Class,No,Yes,1482,D,Yes,Mandarin,171,Non-Refundable,Yes,1.9
Singapore Airlines,SI863,Dallas (DFW),San Francisco (SFO),2025-05-12,2025-05-12,06:12:13,12:12:13,1678.23,6.0,Carry-On Only,Business,No,Yes,1799,C,Yes,French,178,Non-Refundable,Yes,4.5
Delta Air Lines,DE7957,Tokyo (HND),Miami (MIA),2025-04-09,2025-04-09,06:12:13,16:12:13,1480.25,10.0,2 Checked Bags,Business,Yes,No,4967,C,No,German,260,Changeable,Yes,4.3
Qatar Airways,QA6956,London (LHR),Miami (MIA),2025-04-28,2025-04-28,06:12:13,13:12:13,1169.44,7.0,Carry-On Only,Economy,Yes,No,4983,B,Yes,Spanish,211,Flexible Date,No,1.9
Lufthansa,LU6921,Tokyo (HND),Berlin (BER),2025-05-03,2025-05-03,06:12:13,12:12:13,698.59,6.0,1 Checked Bag,Economy,No,Yes,1469,Priority,Yes,French,150,Changeable,No,2.9
Qatar Airways,QA8041,Berlin (BER),Tokyo (HND),2025-05-19,2025-05-19,06:12:13,15:12:13,1428.77,9.0,1 Checked Bag,Economy,No,Yes,4897,Priority,Yes,French,95,Flexible Date,Yes,1.8
Air Canada,AI3606,Toronto (YYZ),London (LHR),2025-03-27,2025-03-27,06:12:13,17:12:13,574.34,11.0,Carry-On Only,Business,Yes,No,2575,C,No,Multilingual,167,Changeable,Yes,1.6
Air Canada,AI1464,Tokyo (HND),Toronto (YYZ),2025-05-05,2025-05-05,06:12:13,16:12:13,928.6,10.0,1 Checked Bag,First Class,Yes,Yes,2884,A,Yes,German,106,Flexible Date,Yes,1.5
American Airlines,AM6424,San Francisco (SFO),Tokyo (HND),2025-05-16,2025-05-16,06:12:13,14:12:13,738.09,8.0,Carry-On Only,Premium Economy,Yes,No,1499,A,No,French,102,Changeable,No,3.1
Singapore Airlines,SI9570,London (LHR),Dubai (DXB),2025-03-28,2025-03-28,06:12:13,17:12:13,1642.22,11.0,Carry-On Only,First Class,No,Yes,3754,C,Yes,French,178,Non-Refundable,Yes,3.8
British Airways,BR5097,Toronto (YYZ),London (LHR),2025-04-22,2025-04-22,06:12:13,07:12:13,259.08,1.0,Carry-On Only,Premium Economy,No,Yes,941,C,No,German,271,Refundable,Yes,3.8
Air Canada,AI6757,London (LHR),Dubai (DXB),2025-05-10,2025-05-10,06:12:13,18:12:13,1882.54,12.0,1 Checked Bag,Premium Economy,Yes,No,3018,D,No,French,260,Non-Refundable,No,4.1
Singapore Airlines,SI8460,Los Angeles (LAX),Chicago (ORD),2025-03-26,2025-03-26,06:12:13,18:12:13,936.19,12.0,Carry-On Only,First Class,Yes,Yes,2742,Priority,Yes,Mandarin,245,Flexible Date,No,4.1
